pH,moisture,humidity,temperature,crop
6.39,0.63,0.3,0.17,gladiola
6.06,0.7,0.39,0.18,gladiola
6.6,0.74,0.39,0.16,gladiola
6.1,0.76,0.39,0.19,gladiola
6.1,0.75,0.44,0.2,gladiola
6.97,0.76,0.41,0.17,gladiola
6.67,0.79,0.38,0.14,gladiola
6.85,0.72,0.35,0.18,gladiola
6.39,0.75,0.39,0.14,gladiola
6.14,0.77,0.45,0.14,gladiola
6.68,0.67,0.38,0.18,gladiola
6.25,0.79,0.39,0.15,gladiola
6.43,0.75,0.33,0.2,gladiola
6.52,0.69,0.38,0.18,gladiola
6.01,0.6,0.39,0.14,gladiola
6.61,0.73,0.38,0.17,gladiola
6.59,0.6,0.37,0.13,gladiola
6.52,0.62,0.34,0.19,gladiola
6.41,0.74,0.32,0.14,gladiola
6.56,0.62,0.42,0.17,gladiola
6.61,0.66,0.38,0.13,gladiola
6.5,0.68,0.38,0.17,gladiola
6.74,0.61,0.32,0.15,gladiola
6.91,0.74,0.4,0.13,gladiola
6.3,0.67,0.3,0.17,gladiola
6.37,0.74,0.34,0.13,gladiola
6.05,0.69,0.37,0.18,gladiola
6.15,0.77,0.34,0.17,gladiola
6.72,0.69,0.31,0.18,gladiola
6.56,0.74,0.43,0.13,gladiola
6.47,0.71,0.31,0.19,gladiola
6.61,0.78,0.39,0.19,gladiola
6.28,0.71,0.42,0.19,gladiola
6.21,0.66,0.35,0.16,gladiola
6.83,0.69,0.37,0.17,gladiola
6.52,0.77,0.33,0.14,gladiola
6.98,0.63,0.4,0.18,gladiola
6.68,0.68,0.39,0.12,gladiola
6.06,0.67,0.42,0.14,gladiola
6.5,0.64,0.33,0.14,gladiola
6.35,0.67,0.41,0.18,gladiola
6.81,0.64,0.38,0.12,gladiola
6.4,0.7,0.36,0.17,gladiola
6.5,0.65,0.33,0.15,gladiola
6.38,0.67,0.34,0.15,gladiola
6.26,0.69,0.32,0.14,gladiola
6.19,0.68,0.31,0.14,gladiola
6.67,0.75,0.42,0.14,gladiola
6.96,0.79,0.41,0.16,gladiola
6.32,0.73,0.31,0.17,gladiola
6.08,0.67,0.45,0.18,gladiola
6.33,0.61,0.41,0.12,gladiola
6.89,0.7,0.41,0.12,gladiola
6.96,0.8,0.36,0.13,gladiola
6.39,0.73,0.33,0.16,gladiola
6.09,0.62,0.32,0.18,gladiola
6.59,0.64,0.35,0.15,gladiola
6.82,0.75,0.36,0.17,gladiola
6.79,0.75,0.35,0.18,gladiola
6.1,0.69,0.43,0.14,gladiola
6.94,0.66,0.31,0.13,gladiola
6.69,0.7,0.31,0.14,gladiola
6.23,0.63,0.37,0.18,gladiola
6.97,0.76,0.43,0.19,gladiola
6.54,0.62,0.45,0.13,gladiola
6.62,0.64,0.39,0.14,gladiola
6.96,0.62,0.42,0.14,gladiola
6.8,0.78,0.31,0.18,gladiola
6.7,0.71,0.36,0.18,gladiola
6.59,0.72,0.35,0.19,gladiola
6.27,0.64,0.32,0.19,gladiola
6.84,0.76,0.32,0.19,gladiola
6.52,0.76,0.34,0.12,gladiola
6.5,0.64,0.3,0.16,gladiola
6.15,0.67,0.43,0.17,gladiola
6.61,0.66,0.42,0.16,gladiola
6.02,0.79,0.37,0.19,gladiola
6.84,0.73,0.37,0.13,gladiola
6.7,0.68,0.31,0.15,gladiola
6.55,0.76,0.36,0.15,gladiola
6.25,0.61,0.38,0.19,gladiola
6.23,0.72,0.37,0.15,gladiola
6.52,0.67,0.35,0.19,gladiola
6.67,0.62,0.38,0.15,gladiola
6.32,0.71,0.34,0.14,gladiola
6.43,0.72,0.33,0.19,gladiola
6.51,0.65,0.35,0.12,gladiola
6.6,0.75,0.31,0.17,gladiola
6.79,0.7,0.45,0.18,gladiola
6.99,0.68,0.36,0.13,gladiola
6.61,0.67,0.42,0.17,gladiola
6.2,0.72,0.39,0.14,gladiola
6.84,0.77,0.37,0.14,gladiola
6.54,0.7,0.43,0.17,gladiola
6.65,0.72,0.39,0.15,gladiola
6.85,0.78,0.4,0.13,gladiola
6.76,0.72,0.39,0.17,gladiola
6.01,0.76,0.41,0.14,gladiola
6.92,0.78,0.45,0.12,gladiola
6.75,0.75,0.38,0.18,gladiola
6.47,0.75,0.68,0.19,rose
7.35,0.76,0.74,0.29,rose
7.26,0.88,0.72,0.19,rose
6.03,0.89,0.61,0.18,rose
5.94,0.77,0.74,0.28,rose
7.3,0.81,0.73,0.21,rose
5.78,0.78,0.65,0.2,rose
7.1,0.85,0.64,0.25,rose
6.39,0.89,0.61,0.21,rose
7.35,0.84,0.73,0.27,rose
6.68,0.88,0.77,0.19,rose
5.94,0.76,0.61,0.2,rose
7.04,0.84,0.66,0.11,rose
5.63,0.82,0.68,0.17,rose
6.31,0.87,0.62,0.3,rose
6.82,0.89,0.65,0.21,rose
5.93,0.79,0.66,0.24,rose
7.16,0.78,0.69,0.14,rose
6.96,0.83,0.63,0.14,rose
6.52,0.83,0.77,0.24,rose
6.37,0.84,0.69,0.24,rose
7.39,0.88,0.8,0.17,rose
6.4,0.77,0.62,0.14,rose
6.0,0.89,0.72,0.27,rose
5.96,0.86,0.78,0.18,rose
6.09,0.76,0.73,0.23,rose
7.1,0.83,0.73,0.15,rose
5.79,0.89,0.6,0.21,rose
7.02,0.83,0.77,0.16,rose
7.13,0.87,0.62,0.12,rose
7.14,0.89,0.67,0.24,rose
6.8,0.82,0.65,0.14,rose
5.99,0.88,0.77,0.18,rose
5.68,0.79,0.78,0.12,rose
7.29,0.86,0.78,0.13,rose
7.41,0.82,0.63,0.3,rose
7.34,0.85,0.78,0.11,rose
7.39,0.85,0.66,0.22,rose
6.62,0.79,0.79,0.29,rose
6.36,0.85,0.77,0.16,rose
5.75,0.88,0.76,0.24,rose
6.42,0.8,0.63,0.13,rose
6.17,0.82,0.69,0.22,rose
6.64,0.76,0.67,0.12,rose
6.03,0.9,0.75,0.19,rose
7.04,0.89,0.72,0.27,rose
7.13,0.84,0.66,0.17,rose
7.33,0.8,0.66,0.17,rose
6.64,0.87,0.62,0.24,rose
6.73,0.86,0.78,0.29,rose
6.01,0.82,0.77,0.14,rose
6.92,0.85,0.8,0.2,rose
7.2,0.83,0.64,0.1,rose
7.37,0.83,0.62,0.14,rose
6.84,0.9,0.78,0.26,rose
6.51,0.77,0.78,0.19,rose
5.72,0.82,0.72,0.1,rose
6.7,0.76,0.78,0.3,rose
5.6,0.85,0.7,0.23,rose
5.57,0.9,0.61,0.25,rose
5.69,0.76,0.73,0.28,rose
6.08,0.77,0.76,0.27,rose
5.61,0.78,0.64,0.29,rose
6.93,0.83,0.78,0.18,rose
6.4,0.86,0.8,0.16,rose
6.02,0.83,0.67,0.24,rose
6.08,0.83,0.67,0.2,rose
6.23,0.81,0.75,0.18,rose
5.82,0.79,0.65,0.26,rose
7.07,0.78,0.68,0.19,rose
5.73,0.82,0.75,0.1,rose
6.97,0.87,0.63,0.24,rose
7.3,0.78,0.75,0.21,rose
7.11,0.8,0.66,0.28,rose
6.1,0.81,0.62,0.16,rose
6.01,0.9,0.76,0.15,rose
6.32,0.79,0.63,0.19,rose
7.37,0.83,0.75,0.16,rose
5.55,0.79,0.64,0.21,rose
5.81,0.87,0.73,0.26,rose
6.75,0.82,0.66,0.23,rose
6.68,0.82,0.6,0.3,rose
7.22,0.86,0.61,0.29,rose
6.01,0.77,0.75,0.29,rose
6.21,0.88,0.67,0.23,rose
5.92,0.87,0.65,0.11,rose
6.6,0.85,0.72,0.14,rose
5.68,0.86,0.72,0.29,rose
6.47,0.87,0.71,0.21,rose
7.1,0.89,0.66,0.16,rose
7.29,0.88,0.77,0.19,rose
6.39,0.89,0.65,0.22,rose
6.45,0.89,0.78,0.17,rose
7.47,0.86,0.61,0.13,rose
6.4,0.85,0.75,0.14,rose
6.15,0.83,0.69,0.24,rose
6.61,0.77,0.78,0.25,rose
5.64,0.86,0.6,0.29,rose
6.75,0.8,0.63,0.17,rose
6.38,0.88,0.65,0.22,rose
5.76,0.81,0.47,0.16,marigold
5.85,0.8,0.59,0.18,marigold
5.55,0.77,0.53,0.14,marigold
5.91,0.84,0.51,0.19,marigold
6.54,0.84,0.46,0.29,marigold
5.68,0.77,0.57,0.29,marigold
6.36,0.89,0.45,0.13,marigold
7.0,0.83,0.59,0.17,marigold
6.11,0.82,0.46,0.11,marigold
5.98,0.78,0.53,0.24,marigold
5.67,0.82,0.51,0.29,marigold
6.19,0.78,0.42,0.26,marigold
5.93,0.8,0.54,0.1,marigold
5.74,0.89,0.58,0.27,marigold
5.87,0.75,0.56,0.14,marigold
6.0,0.84,0.53,0.26,marigold
7.0,0.84,0.42,0.18,marigold
6.4,0.79,0.4,0.23,marigold
6.75,0.78,0.5,0.3,marigold
6.36,0.82,0.42,0.19,marigold
6.66,0.76,0.52,0.17,marigold
6.74,0.83,0.46,0.23,marigold
5.64,0.86,0.59,0.27,marigold
6.65,0.89,0.45,0.26,marigold
5.52,0.85,0.51,0.18,marigold
6.39,0.88,0.52,0.23,marigold
6.62,0.86,0.4,0.14,marigold
5.75,0.78,0.46,0.23,marigold
6.01,0.78,0.54,0.12,marigold
6.85,0.84,0.49,0.25,marigold
6.66,0.79,0.55,0.16,marigold
5.58,0.89,0.43,0.21,marigold
6.42,0.86,0.5,0.3,marigold
5.88,0.85,0.56,0.13,marigold
6.46,0.86,0.4,0.13,marigold
6.6,0.77,0.53,0.2,marigold
5.63,0.8,0.54,0.24,marigold
6.24,0.76,0.6,0.27,marigold
6.11,0.78,0.41,0.28,marigold
6.46,0.84,0.48,0.13,marigold
6.98,0.88,0.59,0.24,marigold
5.62,0.75,0.45,0.21,marigold
6.78,0.76,0.57,0.13,marigold
6.51,0.87,0.6,0.19,marigold
6.37,0.89,0.43,0.14,marigold
5.66,0.77,0.45,0.15,marigold
6.85,0.89,0.55,0.26,marigold
6.17,0.76,0.43,0.2,marigold
6.71,0.84,0.41,0.18,marigold
6.34,0.84,0.49,0.14,marigold
6.93,0.87,0.54,0.23,marigold
6.56,0.76,0.46,0.13,marigold
5.84,0.77,0.51,0.2,marigold
5.63,0.75,0.59,0.28,marigold
6.71,0.9,0.59,0.1,marigold
6.16,0.89,0.54,0.19,marigold
5.92,0.85,0.4,0.24,marigold
5.72,0.8,0.54,0.27,marigold
5.83,0.88,0.5,0.14,marigold
6.36,0.86,0.47,0.22,marigold
6.41,0.78,0.44,0.11,marigold
6.9,0.79,0.57,0.19,marigold
5.78,0.76,0.55,0.14,marigold
6.76,0.81,0.53,0.26,marigold
5.81,0.88,0.5,0.25,marigold
5.8,0.89,0.4,0.17,marigold
6.48,0.83,0.44,0.29,marigold
6.21,0.87,0.59,0.2,marigold
6.37,0.8,0.43,0.25,marigold
5.94,0.86,0.42,0.17,marigold
5.83,0.75,0.58,0.18,marigold
6.8,0.83,0.44,0.29,marigold
5.79,0.87,0.56,0.15,marigold
6.97,0.87,0.41,0.21,marigold
5.64,0.83,0.47,0.2,marigold
5.78,0.87,0.57,0.28,marigold
6.43,0.77,0.52,0.26,marigold
5.62,0.77,0.43,0.2,marigold
6.89,0.84,0.58,0.23,marigold
6.87,0.78,0.56,0.24,marigold
5.75,0.81,0.56,0.26,marigold
6.4,0.88,0.48,0.27,marigold
6.11,0.85,0.41,0.19,marigold
5.82,0.8,0.47,0.25,marigold
6.94,0.83,0.43,0.1,marigold
5.87,0.8,0.41,0.21,marigold
6.96,0.89,0.43,0.14,marigold
5.99,0.76,0.47,0.18,marigold
6.41,0.8,0.51,0.22,marigold
6.7,0.8,0.48,0.21,marigold
6.71,0.77,0.51,0.16,marigold
6.33,0.8,0.49,0.26,marigold
6.21,0.81,0.4,0.14,marigold
5.75,0.83,0.58,0.27,marigold
6.55,0.84,0.47,0.23,marigold
5.6,0.9,0.53,0.13,marigold
6.15,0.85,0.45,0.19,marigold
6.9,0.76,0.5,0.28,marigold
5.91,0.78,0.48,0.14,marigold
6.36,0.87,0.49,0.13,marigold
6.17,0.6,0.52,0.09,dahlia
6.65,0.62,0.69,0.13,dahlia
6.12,0.76,0.57,0.08,dahlia
6.23,0.62,0.53,0.1,dahlia
6.82,0.65,0.63,0.12,dahlia
6.92,0.73,0.5,0.11,dahlia
7.0,0.68,0.68,0.08,dahlia
7.39,0.73,0.7,0.07,dahlia
6.1,0.66,0.66,0.07,dahlia
7.35,0.72,0.58,0.09,dahlia
7.05,0.73,0.54,0.11,dahlia
6.97,0.79,0.68,0.1,dahlia
7.5,0.71,0.56,0.11,dahlia
6.28,0.74,0.51,0.07,dahlia
6.54,0.76,0.62,0.09,dahlia
6.05,0.72,0.7,0.09,dahlia
7.28,0.8,0.58,0.09,dahlia
6.6,0.66,0.63,0.1,dahlia
6.96,0.75,0.59,0.11,dahlia
6.54,0.67,0.65,0.09,dahlia
6.41,0.63,0.58,0.08,dahlia
6.51,0.68,0.63,0.12,dahlia
6.03,0.77,0.6,0.08,dahlia
7.1,0.7,0.57,0.08,dahlia
7.01,0.61,0.62,0.07,dahlia
6.94,0.78,0.55,0.1,dahlia
6.41,0.73,0.66,0.09,dahlia
6.97,0.78,0.53,0.11,dahlia
6.6,0.68,0.7,0.13,dahlia
6.91,0.63,0.61,0.13,dahlia
7.5,0.7,0.67,0.12,dahlia
6.92,0.79,0.61,0.11,dahlia
6.01,0.77,0.66,0.09,dahlia
6.01,0.69,0.64,0.11,dahlia
6.97,0.67,0.59,0.09,dahlia
6.09,0.75,0.66,0.12,dahlia
6.93,0.78,0.64,0.13,dahlia
6.77,0.69,0.68,0.11,dahlia
6.49,0.63,0.63,0.11,dahlia
7.3,0.75,0.65,0.1,dahlia
6.17,0.75,0.57,0.07,dahlia
6.51,0.69,0.7,0.12,dahlia
7.2,0.63,0.62,0.1,dahlia
7.15,0.61,0.56,0.1,dahlia
6.69,0.77,0.67,0.09,dahlia
7.43,0.77,0.51,0.11,dahlia
7.27,0.67,0.62,0.08,dahlia
7.29,0.65,0.65,0.12,dahlia
7.07,0.68,0.56,0.08,dahlia
6.2,0.7,0.58,0.11,dahlia
6.2,0.61,0.6,0.1,dahlia
6.64,0.71,0.68,0.12,dahlia
6.82,0.67,0.65,0.08,dahlia
6.73,0.66,0.52,0.11,dahlia
6.87,0.75,0.67,0.08,dahlia
7.16,0.79,0.67,0.11,dahlia
7.0,0.67,0.61,0.07,dahlia
6.64,0.61,0.69,0.1,dahlia
6.13,0.72,0.59,0.12,dahlia
7.12,0.72,0.53,0.07,dahlia
6.47,0.66,0.67,0.12,dahlia
6.54,0.67,0.52,0.13,dahlia
7.0,0.68,0.51,0.08,dahlia
6.02,0.76,0.54,0.11,dahlia
6.26,0.76,0.62,0.08,dahlia
6.53,0.73,0.53,0.09,dahlia
7.11,0.65,0.58,0.09,dahlia
7.14,0.62,0.56,0.1,dahlia
6.96,0.69,0.58,0.11,dahlia
6.61,0.61,0.65,0.07,dahlia
7.47,0.68,0.56,0.11,dahlia
6.08,0.7,0.63,0.07,dahlia
6.85,0.73,0.57,0.13,dahlia
6.14,0.69,0.56,0.08,dahlia
7.45,0.61,0.61,0.08,dahlia
7.08,0.62,0.62,0.13,dahlia
6.86,0.63,0.66,0.08,dahlia
6.74,0.7,0.59,0.11,dahlia
6.22,0.74,0.65,0.1,dahlia
6.93,0.63,0.66,0.1,dahlia
7.4,0.74,0.58,0.08,dahlia
6.33,0.79,0.56,0.09,dahlia
7.06,0.79,0.55,0.08,dahlia
6.83,0.73,0.61,0.09,dahlia
6.53,0.73,0.53,0.09,dahlia
6.86,0.71,0.65,0.09,dahlia
6.44,0.61,0.61,0.09,dahlia
7.19,0.61,0.64,0.09,dahlia
6.17,0.62,0.53,0.13,dahlia
6.14,0.79,0.54,0.12,dahlia
6.89,0.7,0.53,0.13,dahlia
6.85,0.71,0.6,0.13,dahlia
6.15,0.73,0.52,0.08,dahlia
6.11,0.79,0.68,0.12,dahlia
6.73,0.68,0.7,0.09,dahlia
7.32,0.69,0.57,0.12,dahlia
7.28,0.76,0.51,0.08,dahlia
6.75,0.7,0.51,0.09,dahlia
6.24,0.73,0.61,0.09,dahlia
6.38,0.76,0.65,0.09,dahlia
7.36,0.52,0.71,0.19,lily
6.13,0.56,0.7,0.2,lily
6.69,0.59,0.66,0.2,lily
7.39,0.49,0.67,0.18,lily
6.79,0.5,0.6,0.2,lily
6.51,0.56,0.66,0.2,lily
6.33,0.48,0.65,0.19,lily
6.63,0.41,0.63,0.18,lily
7.89,0.49,0.71,0.19,lily
7.32,0.59,0.67,0.2,lily
6.82,0.6,0.65,0.2,lily
6.76,0.45,0.71,0.18,lily
7.02,0.54,0.6,0.19,lily
7.49,0.44,0.67,0.2,lily
6.27,0.58,0.74,0.2,lily
7.33,0.45,0.66,0.19,lily
6.18,0.54,0.73,0.2,lily
6.94,0.52,0.72,0.2,lily
6.76,0.5,0.64,0.21,lily
6.39,0.52,0.74,0.21,lily
7.49,0.58,0.74,0.2,lily
6.14,0.53,0.61,0.2,lily
6.56,0.58,0.65,0.2,lily
7.53,0.41,0.68,0.19,lily
7.67,0.44,0.71,0.18,lily
6.74,0.58,0.64,0.19,lily
7.7,0.48,0.72,0.18,lily
7.66,0.43,0.65,0.18,lily
6.85,0.51,0.74,0.19,lily
7.73,0.53,0.73,0.2,lily
6.95,0.52,0.64,0.19,lily
6.81,0.43,0.61,0.2,lily
6.98,0.51,0.75,0.21,lily
6.28,0.57,0.65,0.2,lily
7.54,0.51,0.62,0.2,lily
6.04,0.41,0.67,0.2,lily
6.68,0.57,0.75,0.21,lily
6.57,0.47,0.6,0.2,lily
7.34,0.57,0.64,0.2,lily
6.24,0.55,0.65,0.2,lily
6.94,0.41,0.7,0.21,lily
6.51,0.49,0.73,0.19,lily
6.79,0.43,0.75,0.21,lily
6.59,0.52,0.67,0.19,lily
6.7,0.49,0.68,0.21,lily
7.95,0.53,0.63,0.19,lily
7.0,0.42,0.73,0.21,lily
6.75,0.59,0.62,0.2,lily
6.0,0.43,0.69,0.18,lily
6.27,0.49,0.63,0.21,lily
6.39,0.58,0.67,0.19,lily
6.4,0.48,0.64,0.2,lily
7.28,0.55,0.68,0.19,lily
7.41,0.51,0.66,0.21,lily
6.84,0.5,0.6,0.2,lily
6.63,0.41,0.72,0.19,lily
7.03,0.54,0.75,0.18,lily
6.87,0.57,0.72,0.2,lily
7.6,0.45,0.68,0.19,lily
6.92,0.59,0.69,0.19,lily
6.26,0.44,0.65,0.2,lily
7.34,0.52,0.7,0.2,lily
7.69,0.42,0.64,0.2,lily
6.03,0.42,0.67,0.2,lily
7.89,0.49,0.72,0.21,lily
6.83,0.59,0.74,0.19,lily
6.35,0.58,0.73,0.19,lily
6.83,0.49,0.61,0.2,lily
7.06,0.45,0.67,0.21,lily
6.17,0.58,0.72,0.21,lily
6.82,0.44,0.74,0.19,lily
6.2,0.41,0.61,0.19,lily
7.83,0.54,0.67,0.19,lily
6.97,0.59,0.73,0.19,lily
6.26,0.5,0.7,0.2,lily
6.24,0.46,0.62,0.19,lily
7.03,0.41,0.62,0.19,lily
7.16,0.44,0.66,0.19,lily
6.66,0.54,0.75,0.2,lily
6.8,0.55,0.73,0.19,lily
6.28,0.46,0.68,0.2,lily
6.9,0.53,0.65,0.2,lily
7.21,0.59,0.65,0.2,lily
6.1,0.52,0.62,0.18,lily
7.77,0.41,0.71,0.2,lily
6.33,0.44,0.73,0.21,lily
7.08,0.54,0.73,0.21,lily
7.84,0.6,0.68,0.21,lily
7.26,0.55,0.65,0.21,lily
6.87,0.57,0.74,0.21,lily
7.8,0.5,0.63,0.21,lily
7.45,0.5,0.6,0.18,lily
7.85,0.53,0.69,0.19,lily
7.27,0.55,0.72,0.19,lily
7.08,0.54,0.71,0.21,lily
6.12,0.45,0.67,0.19,lily
6.81,0.41,0.64,0.21,lily
6.75,0.48,0.69,0.2,lily
7.99,0.5,0.75,0.19,lily
6.17,0.45,0.7,0.18,lily
6.07,0.53,0.58,0.64,cauliflower
6.77,0.57,0.58,0.61,cauliflower
6.32,0.59,0.7,0.61,cauliflower
5.71,0.58,0.57,0.61,cauliflower
5.94,0.47,0.58,0.64,cauliflower
5.66,0.59,0.65,0.62,cauliflower
6.63,0.42,0.64,0.63,cauliflower
7.25,0.5,0.59,0.62,cauliflower
6.38,0.55,0.6,0.6,cauliflower
6.83,0.57,0.56,0.63,cauliflower
7.34,0.43,0.54,0.61,cauliflower
7.07,0.6,0.58,0.61,cauliflower
7.26,0.58,0.63,0.62,cauliflower
6.73,0.49,0.59,0.61,cauliflower
7.44,0.54,0.67,0.62,cauliflower
5.76,0.48,0.67,0.64,cauliflower
7.48,0.53,0.6,0.62,cauliflower
6.58,0.42,0.52,0.63,cauliflower
7.42,0.44,0.63,0.62,cauliflower
6.02,0.41,0.55,0.63,cauliflower
7.42,0.51,0.67,0.62,cauliflower
6.69,0.57,0.61,0.6,cauliflower
6.57,0.59,0.56,0.61,cauliflower
6.2,0.6,0.66,0.62,cauliflower
7.14,0.44,0.59,0.64,cauliflower
6.4,0.43,0.59,0.64,cauliflower
6.83,0.52,0.67,0.62,cauliflower
6.13,0.49,0.51,0.64,cauliflower
5.96,0.56,0.56,0.61,cauliflower
6.95,0.53,0.61,0.64,cauliflower
6.25,0.53,0.64,0.62,cauliflower
7.11,0.43,0.69,0.63,cauliflower
5.87,0.52,0.68,0.63,cauliflower
5.85,0.49,0.62,0.64,cauliflower
6.53,0.5,0.58,0.63,cauliflower
6.94,0.59,0.64,0.6,cauliflower
6.29,0.44,0.54,0.6,cauliflower
7.11,0.6,0.51,0.64,cauliflower
5.83,0.49,0.7,0.6,cauliflower
5.8,0.46,0.63,0.62,cauliflower
7.21,0.45,0.64,0.61,cauliflower
6.23,0.49,0.63,0.64,cauliflower
5.82,0.46,0.53,0.64,cauliflower
7.18,0.59,0.58,0.61,cauliflower
7.44,0.44,0.7,0.61,cauliflower
6.44,0.41,0.56,0.63,cauliflower
7.27,0.51,0.5,0.64,cauliflower
7.41,0.44,0.68,0.63,cauliflower
6.57,0.57,0.66,0.6,cauliflower
6.22,0.56,0.6,0.65,cauliflower
7.08,0.47,0.61,0.62,cauliflower
7.07,0.56,0.6,0.61,cauliflower
6.13,0.48,0.69,0.61,cauliflower
7.44,0.49,0.59,0.63,cauliflower
6.71,0.56,0.61,0.63,cauliflower
5.57,0.58,0.67,0.61,cauliflower
6.81,0.56,0.51,0.63,cauliflower
7.04,0.47,0.68,0.62,cauliflower
7.41,0.45,0.67,0.63,cauliflower
5.52,0.51,0.52,0.61,cauliflower
6.82,0.5,0.67,0.6,cauliflower
7.22,0.56,0.61,0.64,cauliflower
6.93,0.44,0.7,0.63,cauliflower
6.87,0.52,0.62,0.64,cauliflower
7.3,0.53,0.6,0.61,cauliflower
5.61,0.53,0.64,0.63,cauliflower
5.94,0.54,0.61,0.65,cauliflower
6.31,0.41,0.51,0.62,cauliflower
7.21,0.52,0.56,0.6,cauliflower
6.52,0.41,0.65,0.62,cauliflower
5.57,0.44,0.62,0.61,cauliflower
6.5,0.43,0.61,0.63,cauliflower
6.82,0.49,0.53,0.6,cauliflower
7.44,0.6,0.58,0.63,cauliflower
5.93,0.5,0.54,0.6,cauliflower
7.19,0.43,0.67,0.63,cauliflower
7.12,0.45,0.56,0.62,cauliflower
7.26,0.51,0.65,0.62,cauliflower
6.04,0.57,0.58,0.62,cauliflower
6.15,0.44,0.54,0.62,cauliflower
5.82,0.55,0.63,0.6,cauliflower
6.17,0.59,0.51,0.63,cauliflower
5.61,0.43,0.69,0.63,cauliflower
6.1,0.44,0.57,0.65,cauliflower
6.9,0.53,0.59,0.64,cauliflower
7.21,0.44,0.67,0.61,cauliflower
5.94,0.45,0.65,0.63,cauliflower
6.71,0.41,0.54,0.62,cauliflower
7.44,0.58,0.54,0.64,cauliflower
7.22,0.42,0.52,0.64,cauliflower
5.67,0.52,0.59,0.64,cauliflower
6.05,0.46,0.59,0.65,cauliflower
7.47,0.53,0.54,0.62,cauliflower
5.79,0.52,0.64,0.62,cauliflower
6.99,0.42,0.52,0.61,cauliflower
7.23,0.4,0.58,0.62,cauliflower
7.46,0.41,0.59,0.63,cauliflower
5.72,0.51,0.59,0.63,cauliflower
5.61,0.45,0.7,0.65,cauliflower
7.36,0.57,0.55,0.64,cauliflower
4.71,0.52,0.77,0.29,potato
5.22,0.55,0.65,0.22,potato
4.89,0.6,0.67,0.27,potato
5.77,0.51,0.61,0.22,potato
5.31,0.51,0.77,0.27,potato
5.52,0.53,0.7,0.22,potato
4.53,0.58,0.66,0.28,potato
5.97,0.6,0.68,0.3,potato
5.94,0.52,0.68,0.25,potato
4.99,0.52,0.78,0.22,potato
5.95,0.51,0.77,0.23,potato
5.5,0.55,0.76,0.28,potato
5.87,0.52,0.67,0.25,potato
5.92,0.6,0.64,0.27,potato
5.99,0.56,0.6,0.26,potato
5.03,0.55,0.76,0.23,potato
5.44,0.6,0.63,0.25,potato
4.66,0.59,0.76,0.23,potato
5.3,0.54,0.65,0.3,potato
5.66,0.52,0.79,0.3,potato
5.73,0.54,0.7,0.29,potato
4.78,0.51,0.69,0.21,potato
5.9,0.56,0.77,0.23,potato
5.2,0.53,0.7,0.28,potato
4.98,0.59,0.61,0.21,potato
5.45,0.55,0.76,0.27,potato
5.22,0.52,0.76,0.3,potato
5.73,0.58,0.64,0.28,potato
4.93,0.5,0.67,0.28,potato
5.37,0.54,0.67,0.29,potato
5.1,0.56,0.67,0.22,potato
4.76,0.52,0.67,0.27,potato
5.28,0.59,0.75,0.28,potato
4.79,0.6,0.64,0.23,potato
4.69,0.53,0.75,0.27,potato
4.88,0.59,0.77,0.23,potato
5.27,0.58,0.62,0.28,potato
4.79,0.54,0.78,0.23,potato
4.7,0.53,0.63,0.25,potato
4.56,0.57,0.65,0.26,potato
4.86,0.53,0.78,0.22,potato
5.83,0.59,0.67,0.28,potato
4.59,0.51,0.61,0.27,potato
5.47,0.51,0.7,0.28,potato
5.41,0.54,0.74,0.25,potato
5.94,0.56,0.75,0.22,potato
4.61,0.52,0.76,0.28,potato
4.58,0.52,0.68,0.26,potato
5.94,0.54,0.71,0.22,potato
4.59,0.54,0.76,0.25,potato
5.25,0.54,0.78,0.25,potato
5.37,0.58,0.75,0.22,potato
5.84,0.51,0.79,0.25,potato
5.29,0.53,0.67,0.29,potato
5.81,0.54,0.67,0.22,potato
4.55,0.59,0.7,0.23,potato
5.33,0.6,0.68,0.3,potato
4.98,0.56,0.76,0.21,potato
5.55,0.58,0.72,0.27,potato
5.61,0.54,0.79,0.27,potato
4.78,0.58,0.67,0.21,potato
4.68,0.54,0.72,0.3,potato
5.09,0.57,0.7,0.26,potato
5.09,0.57,0.72,0.23,potato
4.88,0.58,0.79,0.24,potato
5.21,0.52,0.77,0.28,potato
5.46,0.51,0.76,0.26,potato
5.81,0.58,0.61,0.28,potato
4.69,0.55,0.79,0.22,potato
4.7,0.57,0.64,0.27,potato
5.36,0.55,0.74,0.24,potato
5.09,0.57,0.71,0.24,potato
5.04,0.53,0.66,0.21,potato
5.33,0.57,0.63,0.28,potato
5.01,0.58,0.63,0.25,potato
4.62,0.54,0.75,0.27,potato
5.11,0.51,0.73,0.28,potato
5.04,0.57,0.62,0.3,potato
4.85,0.53,0.62,0.21,potato
4.9,0.51,0.63,0.3,potato
5.66,0.55,0.61,0.25,potato
5.03,0.53,0.8,0.26,potato
4.86,0.54,0.8,0.24,potato
5.95,0.53,0.68,0.2,potato
4.92,0.58,0.76,0.28,potato
4.87,0.58,0.68,0.29,potato
4.67,0.51,0.65,0.28,potato
4.76,0.51,0.77,0.27,potato
5.95,0.54,0.64,0.27,potato
5.7,0.57,0.74,0.22,potato
5.73,0.51,0.6,0.23,potato
5.4,0.54,0.61,0.26,potato
5.29,0.59,0.77,0.21,potato
5.81,0.54,0.68,0.29,potato
5.75,0.55,0.6,0.2,potato
5.18,0.52,0.65,0.24,potato
5.42,0.53,0.66,0.29,potato
5.69,0.56,0.78,0.27,potato
5.55,0.52,0.79,0.25,potato
4.66,0.54,0.76,0.28,potato
7.23,0.38,0.88,0.29,tomato
7.16,0.39,0.87,0.25,tomato
6.91,0.4,0.9,0.24,tomato
5.61,0.4,0.84,0.24,tomato
5.9,0.43,0.81,0.22,tomato
6.22,0.33,0.89,0.26,tomato
6.59,0.4,0.81,0.24,tomato
6.71,0.43,0.87,0.22,tomato
6.26,0.35,0.84,0.21,tomato
6.1,0.34,0.88,0.28,tomato
5.88,0.35,0.88,0.27,tomato
7.44,0.46,0.85,0.29,tomato
5.93,0.45,0.87,0.29,tomato
7.4,0.39,0.88,0.28,tomato
7.44,0.4,0.8,0.29,tomato
7.43,0.42,0.88,0.22,tomato
6.13,0.44,0.81,0.23,tomato
5.54,0.31,0.86,0.25,tomato
6.75,0.42,0.87,0.23,tomato
7.38,0.49,0.87,0.26,tomato
6.34,0.3,0.87,0.2,tomato
5.78,0.48,0.84,0.23,tomato
7.38,0.3,0.82,0.21,tomato
7.11,0.42,0.81,0.21,tomato
7.24,0.38,0.85,0.27,tomato
6.08,0.47,0.87,0.21,tomato
6.01,0.4,0.86,0.27,tomato
5.7,0.38,0.81,0.21,tomato
7.16,0.39,0.88,0.28,tomato
5.72,0.38,0.81,0.29,tomato
7.47,0.4,0.86,0.24,tomato
6.11,0.35,0.86,0.25,tomato
6.58,0.45,0.84,0.28,tomato
6.62,0.45,0.87,0.26,tomato
6.73,0.46,0.86,0.22,tomato
7.13,0.47,0.87,0.26,tomato
5.55,0.37,0.89,0.29,tomato
5.94,0.34,0.85,0.29,tomato
6.8,0.33,0.88,0.22,tomato
6.96,0.44,0.82,0.27,tomato
5.7,0.33,0.89,0.27,tomato
6.33,0.4,0.83,0.22,tomato
6.4,0.35,0.83,0.23,tomato
6.39,0.47,0.87,0.24,tomato
6.7,0.39,0.88,0.3,tomato
7.38,0.31,0.81,0.29,tomato
7.16,0.49,0.86,0.24,tomato
7.06,0.45,0.86,0.26,tomato
7.38,0.36,0.86,0.23,tomato
6.36,0.39,0.81,0.23,tomato
5.87,0.39,0.81,0.22,tomato
6.22,0.34,0.83,0.29,tomato
6.08,0.39,0.89,0.21,tomato
6.43,0.49,0.85,0.28,tomato
6.58,0.37,0.85,0.25,tomato
6.51,0.41,0.86,0.25,tomato
5.84,0.44,0.9,0.24,tomato
7.04,0.4,0.87,0.2,tomato
7.15,0.38,0.81,0.28,tomato
5.72,0.35,0.83,0.29,tomato
7.23,0.44,0.84,0.2,tomato
6.26,0.39,0.81,0.27,tomato
6.92,0.41,0.82,0.21,tomato
5.74,0.32,0.83,0.28,tomato
6.46,0.45,0.9,0.27,tomato
6.78,0.36,0.83,0.21,tomato
5.78,0.4,0.87,0.28,tomato
7.22,0.39,0.81,0.25,tomato
6.73,0.48,0.88,0.25,tomato
5.83,0.39,0.9,0.21,tomato
6.08,0.49,0.87,0.21,tomato
7.29,0.41,0.82,0.28,tomato
5.91,0.49,0.86,0.24,tomato
7.08,0.34,0.86,0.27,tomato
6.27,0.35,0.82,0.23,tomato
6.05,0.46,0.81,0.28,tomato
6.95,0.37,0.8,0.26,tomato
5.98,0.5,0.85,0.23,tomato
7.15,0.43,0.81,0.29,tomato
6.9,0.48,0.84,0.29,tomato
5.7,0.43,0.88,0.24,tomato
6.84,0.3,0.89,0.28,tomato
6.24,0.32,0.85,0.26,tomato
7.09,0.35,0.83,0.29,tomato
6.52,0.4,0.87,0.23,tomato
7.2,0.31,0.86,0.25,tomato
7.08,0.3,0.89,0.24,tomato
6.21,0.38,0.8,0.3,tomato
5.78,0.48,0.85,0.2,tomato
7.19,0.33,0.87,0.22,tomato
6.85,0.32,0.89,0.21,tomato
6.72,0.4,0.88,0.28,tomato
6.6,0.34,0.81,0.24,tomato
5.61,0.34,0.86,0.27,tomato
6.33,0.47,0.89,0.27,tomato
7.09,0.35,0.83,0.24,tomato
5.82,0.44,0.88,0.26,tomato
7.31,0.37,0.85,0.23,tomato
7.01,0.3,0.88,0.21,tomato
6.02,0.49,0.84,0.27,tomato
6.52,0.36,0.78,0.11,Onion
6.86,0.32,0.69,0.19,Onion
6.86,0.27,0.74,0.17,Onion
6.85,0.26,0.79,0.18,Onion
6.03,0.37,0.69,0.14,Onion
6.23,0.27,0.62,0.16,Onion
6.41,0.27,0.74,0.1,Onion
6.4,0.31,0.73,0.17,Onion
6.36,0.36,0.6,0.13,Onion
6.3,0.26,0.64,0.1,Onion
6.18,0.26,0.69,0.19,Onion
6.58,0.32,0.7,0.16,Onion
6.64,0.32,0.8,0.11,Onion
6.87,0.38,0.65,0.14,Onion
6.76,0.27,0.62,0.12,Onion
6.49,0.26,0.75,0.1,Onion
6.72,0.36,0.78,0.17,Onion
6.12,0.34,0.78,0.12,Onion
6.8,0.39,0.77,0.17,Onion
6.2,0.37,0.76,0.12,Onion
6.66,0.3,0.8,0.15,Onion
6.17,0.34,0.8,0.17,Onion
6.18,0.35,0.71,0.12,Onion
6.82,0.26,0.63,0.13,Onion
6.58,0.28,0.66,0.16,Onion
6.86,0.34,0.79,0.12,Onion
6.86,0.25,0.77,0.14,Onion
6.99,0.34,0.62,0.13,Onion
6.62,0.27,0.71,0.17,Onion
6.12,0.34,0.77,0.15,Onion
6.49,0.31,0.71,0.14,Onion
6.86,0.38,0.73,0.13,Onion
6.88,0.36,0.64,0.12,Onion
6.06,0.35,0.77,0.12,Onion
6.23,0.26,0.75,0.14,Onion
6.67,0.3,0.69,0.15,Onion
6.67,0.39,0.62,0.16,Onion
6.12,0.36,0.75,0.17,Onion
6.25,0.4,0.61,0.15,Onion
6.52,0.38,0.62,0.15,Onion
6.16,0.3,0.7,0.13,Onion
6.81,0.27,0.79,0.14,Onion
6.01,0.34,0.74,0.11,Onion
6.93,0.4,0.64,0.1,Onion
6.18,0.37,0.75,0.16,Onion
6.15,0.37,0.61,0.19,Onion
6.71,0.27,0.77,0.16,Onion
6.92,0.3,0.65,0.16,Onion
6.97,0.29,0.63,0.15,Onion
6.66,0.25,0.8,0.11,Onion
6.21,0.3,0.74,0.13,Onion
6.95,0.39,0.71,0.18,Onion
6.18,0.31,0.77,0.16,Onion
6.51,0.33,0.73,0.16,Onion
6.8,0.28,0.61,0.18,Onion
6.04,0.36,0.69,0.19,Onion
6.92,0.26,0.72,0.11,Onion
6.01,0.38,0.74,0.19,Onion
6.91,0.27,0.77,0.15,Onion
6.04,0.37,0.77,0.11,Onion
6.99,0.26,0.62,0.15,Onion
6.29,0.4,0.71,0.18,Onion
6.19,0.31,0.76,0.15,Onion
6.92,0.32,0.63,0.16,Onion
6.94,0.34,0.72,0.14,Onion
6.3,0.37,0.78,0.16,Onion
6.84,0.39,0.63,0.18,Onion
6.92,0.34,0.69,0.12,Onion
6.51,0.32,0.64,0.16,Onion
6.91,0.4,0.68,0.12,Onion
6.18,0.26,0.72,0.12,Onion
6.9,0.28,0.75,0.14,Onion
6.23,0.36,0.6,0.11,Onion
6.21,0.31,0.67,0.11,Onion
6.25,0.35,0.63,0.12,Onion
6.72,0.32,0.67,0.11,Onion
6.8,0.28,0.6,0.19,Onion
6.31,0.25,0.65,0.13,Onion
6.72,0.33,0.75,0.17,Onion
6.54,0.38,0.75,0.12,Onion
6.11,0.37,0.78,0.18,Onion
6.83,0.32,0.66,0.11,Onion
6.38,0.33,0.63,0.2,Onion
6.79,0.33,0.72,0.14,Onion
6.16,0.27,0.64,0.13,Onion
6.03,0.38,0.66,0.19,Onion
6.93,0.33,0.69,0.17,Onion
6.71,0.34,0.77,0.14,Onion
6.9,0.31,0.75,0.18,Onion
6.28,0.27,0.77,0.16,Onion
6.64,0.3,0.65,0.17,Onion
6.41,0.34,0.76,0.18,Onion
6.38,0.32,0.76,0.16,Onion
6.22,0.26,0.74,0.11,Onion
6.94,0.26,0.63,0.13,Onion
6.01,0.35,0.73,0.12,Onion
6.62,0.31,0.69,0.14,Onion
6.97,0.3,0.63,0.19,Onion
6.5,0.33,0.63,0.17,Onion
6.18,0.3,0.74,0.12,Onion
6.62,0.76,0.82,0.6,cabbage
6.4,0.87,0.64,0.64,cabbage
6.59,0.8,0.58,0.65,cabbage
7.33,0.86,0.74,0.62,cabbage
7.48,0.76,0.59,0.65,cabbage
7.27,0.83,0.72,0.64,cabbage
6.55,0.88,0.83,0.63,cabbage
6.34,0.84,0.64,0.64,cabbage
6.43,0.77,0.77,0.64,cabbage
6.04,0.85,0.51,0.61,cabbage
7.19,0.84,0.55,0.63,cabbage
6.33,0.89,0.78,0.63,cabbage
6.52,0.89,0.83,0.63,cabbage
6.66,0.82,0.81,0.62,cabbage
6.63,0.76,0.88,0.6,cabbage
7.17,0.85,0.54,0.6,cabbage
6.6,0.79,0.63,0.62,cabbage
6.57,0.81,0.59,0.65,cabbage
7.09,0.9,0.75,0.65,cabbage
7.01,0.77,0.8,0.63,cabbage
6.82,0.87,0.59,0.61,cabbage
6.58,0.87,0.58,0.64,cabbage
6.56,0.85,0.7,0.6,cabbage
6.81,0.81,0.72,0.61,cabbage
6.57,0.85,0.64,0.64,cabbage
7.26,0.78,0.69,0.61,cabbage
7.09,0.78,0.69,0.61,cabbage
6.1,0.87,0.87,0.61,cabbage
6.49,0.8,0.9,0.63,cabbage
6.39,0.88,0.89,0.61,cabbage
6.28,0.76,0.89,0.62,cabbage
7.21,0.8,0.68,0.63,cabbage
7.11,0.85,0.73,0.64,cabbage
7.16,0.77,0.87,0.61,cabbage
6.24,0.79,0.52,0.65,cabbage
7.27,0.8,0.6,0.62,cabbage
6.12,0.79,0.84,0.6,cabbage
7.08,0.75,0.54,0.62,cabbage
7.25,0.82,0.72,0.62,cabbage
6.21,0.8,0.7,0.64,cabbage
7.49,0.82,0.66,0.61,cabbage
7.15,0.87,0.72,0.64,cabbage
7.4,0.85,0.83,0.64,cabbage
6.35,0.82,0.58,0.61,cabbage
6.94,0.87,0.65,0.63,cabbage
7.23,0.82,0.55,0.65,cabbage
7.43,0.88,0.65,0.6,cabbage
7.18,0.83,0.79,0.62,cabbage
6.72,0.89,0.51,0.61,cabbage
6.29,0.78,0.75,0.61,cabbage
6.48,0.88,0.67,0.65,cabbage
7.4,0.86,0.75,0.62,cabbage
6.41,0.82,0.79,0.61,cabbage
7.46,0.89,0.72,0.63,cabbage
6.74,0.87,0.63,0.64,cabbage
6.5,0.81,0.54,0.62,cabbage
6.01,0.82,0.56,0.62,cabbage
7.21,0.85,0.89,0.63,cabbage
7.18,0.8,0.81,0.64,cabbage
6.27,0.8,0.58,0.65,cabbage
6.1,0.83,0.71,0.62,cabbage
7.49,0.77,0.8,0.65,cabbage
6.97,0.81,0.5,0.62,cabbage
6.97,0.78,0.55,0.65,cabbage
7.18,0.79,0.66,0.64,cabbage
7.33,0.9,0.7,0.63,cabbage
6.27,0.76,0.87,0.63,cabbage
6.62,0.85,0.76,0.63,cabbage
6.95,0.75,0.55,0.63,cabbage
6.37,0.81,0.58,0.6,cabbage
6.23,0.75,0.83,0.62,cabbage
7.07,0.82,0.8,0.64,cabbage
7.34,0.76,0.85,0.63,cabbage
6.45,0.86,0.58,0.63,cabbage
6.91,0.76,0.78,0.65,cabbage
7.29,0.76,0.62,0.64,cabbage
7.04,0.81,0.81,0.6,cabbage
6.95,0.83,0.61,0.65,cabbage
6.98,0.79,0.75,0.62,cabbage
6.24,0.84,0.88,0.64,cabbage
7.49,0.9,0.75,0.64,cabbage
6.89,0.86,0.67,0.65,cabbage
7.3,0.86,0.52,0.63,cabbage
6.52,0.89,0.63,0.64,cabbage
7.12,0.86,0.78,0.6,cabbage
6.59,0.88,0.64,0.64,cabbage
7.16,0.84,0.82,0.64,cabbage
6.49,0.84,0.67,0.63,cabbage
6.94,0.78,0.52,0.64,cabbage
7.18,0.77,0.82,0.63,cabbage
6.08,0.78,0.87,0.65,cabbage
6.67,0.82,0.81,0.62,cabbage
6.26,0.77,0.82,0.65,cabbage
6.06,0.79,0.87,0.62,cabbage
7.18,0.82,0.9,0.62,cabbage
6.32,0.83,0.83,0.62,cabbage
6.39,0.82,0.9,0.61,cabbage
6.27,0.79,0.82,0.64,cabbage
7.49,0.78,0.82,0.61,cabbage
6.29,0.86,0.57,0.61,cabbage
6.27,0.81,0.58,0.03,apple
5.58,0.84,0.54,0.04,apple
6.43,0.82,0.64,0.08,apple
6.01,0.86,0.6,0.0,apple
6.12,0.87,0.5,0.06,apple
6.33,0.8,0.59,0.1,apple
6.18,0.87,0.58,0.04,apple
6.36,0.8,0.68,0.0,apple
6.46,0.79,0.67,0.06,apple
6.16,0.77,0.68,0.1,apple
6.45,0.8,0.57,0.08,apple
6.38,0.77,0.55,0.1,apple
5.73,0.9,0.54,0.07,apple
6.22,0.86,0.59,0.09,apple
6.01,0.83,0.67,0.01,apple
5.73,0.88,0.59,0.04,apple
6.44,0.9,0.56,0.03,apple
6.09,0.87,0.68,0.08,apple
5.85,0.77,0.51,0.02,apple
5.71,0.77,0.52,0.04,apple
5.97,0.89,0.63,0.08,apple
6.32,0.87,0.53,0.01,apple
5.75,0.9,0.54,0.02,apple
5.66,0.75,0.51,0.1,apple
6.49,0.86,0.66,0.06,apple
6.08,0.87,0.67,0.07,apple
5.74,0.81,0.5,0.08,apple
6.22,0.79,0.69,0.03,apple
6.41,0.77,0.68,0.03,apple
6.22,0.85,0.63,0.03,apple
6.13,0.86,0.51,0.06,apple
6.3,0.89,0.62,0.03,apple
5.57,0.8,0.68,0.08,apple
5.94,0.78,0.68,0.09,apple
5.94,0.78,0.53,0.06,apple
5.87,0.76,0.68,0.04,apple
5.68,0.77,0.64,0.04,apple
5.51,0.76,0.6,0.02,apple
6.14,0.88,0.56,0.09,apple
5.63,0.76,0.55,0.04,apple
5.99,0.85,0.51,0.01,apple
6.24,0.84,0.68,0.09,apple
5.6,0.83,0.56,0.01,apple
6.23,0.79,0.58,0.09,apple
5.8,0.76,0.54,0.08,apple
6.14,0.75,0.56,0.09,apple
6.17,0.87,0.59,0.01,apple
5.97,0.88,0.55,0.05,apple
6.28,0.81,0.56,0.1,apple
5.6,0.77,0.6,0.02,apple
5.78,0.8,0.67,0.01,apple
6.15,0.84,0.68,0.03,apple
5.56,0.84,0.51,0.01,apple
6.24,0.84,0.58,0.08,apple
5.9,0.79,0.65,0.09,apple
5.79,0.77,0.55,0.02,apple
6.01,0.86,0.59,0.04,apple
6.34,0.78,0.6,0.06,apple
6.26,0.86,0.52,0.09,apple
5.55,0.75,0.67,0.08,apple
5.68,0.75,0.63,0.03,apple
5.83,0.8,0.69,0.07,apple
5.56,0.79,0.57,0.1,apple
5.51,0.87,0.6,0.07,apple
5.85,0.8,0.67,0.02,apple
5.81,0.89,0.53,0.06,apple
6.2,0.83,0.56,0.05,apple
6.1,0.84,0.5,0.02,apple
6.17,0.77,0.54,0.02,apple
6.09,0.79,0.58,0.0,apple
5.72,0.84,0.55,0.01,apple
6.44,0.87,0.58,0.01,apple
6.28,0.78,0.61,0.06,apple
5.84,0.75,0.7,0.02,apple
5.89,0.88,0.56,0.01,apple
5.52,0.9,0.66,0.07,apple
6.12,0.79,0.62,0.09,apple
5.63,0.84,0.54,0.07,apple
5.95,0.83,0.66,0.06,apple
6.26,0.78,0.55,0.1,apple
6.42,0.82,0.53,0.05,apple
6.24,0.86,0.63,0.05,apple
6.16,0.81,0.7,0.06,apple
6.37,0.85,0.51,0.1,apple
6.09,0.82,0.65,0.03,apple
5.52,0.86,0.65,0.03,apple
6.28,0.75,0.61,0.08,apple
6.41,0.89,0.54,0.02,apple
5.57,0.87,0.61,0.08,apple
6.0,0.77,0.54,0.06,apple
5.78,0.81,0.5,0.04,apple
6.04,0.8,0.6,0.02,apple
5.51,0.9,0.64,0.09,apple
6.3,0.76,0.5,0.07,apple
5.85,0.84,0.6,0.04,apple
6.38,0.75,0.51,0.03,apple
6.21,0.84,0.59,0.1,apple
6.41,0.86,0.53,0.03,apple
6.13,0.77,0.55,0.07,apple
6.25,0.82,0.51,0.04,apple
6.47,0.74,0.6,0.12,grapes
6.63,0.69,0.75,0.06,grapes
6.74,0.76,0.77,0.1,grapes
6.64,0.66,0.7,0.05,grapes
6.59,0.73,0.66,0.05,grapes
6.25,0.61,0.78,0.11,grapes
6.52,0.7,0.71,0.05,grapes
6.25,0.72,0.71,0.14,grapes
6.02,0.76,0.62,0.14,grapes
6.63,0.79,0.71,0.09,grapes
6.24,0.64,0.68,0.12,grapes
6.69,0.78,0.62,0.06,grapes
6.96,0.79,0.8,0.15,grapes
6.92,0.8,0.67,0.06,grapes
6.99,0.79,0.64,0.14,grapes
6.65,0.65,0.77,0.14,grapes
6.8,0.63,0.8,0.1,grapes
6.5,0.71,0.76,0.1,grapes
6.66,0.7,0.7,0.13,grapes
6.92,0.74,0.66,0.08,grapes
6.05,0.69,0.67,0.14,grapes
6.17,0.69,0.64,0.14,grapes
6.54,0.71,0.64,0.07,grapes
6.57,0.74,0.73,0.05,grapes
6.15,0.72,0.72,0.12,grapes
6.37,0.7,0.68,0.14,grapes
6.62,0.74,0.8,0.14,grapes
6.44,0.8,0.71,0.08,grapes
6.1,0.78,0.75,0.15,grapes
6.84,0.62,0.61,0.11,grapes
6.74,0.67,0.73,0.09,grapes
6.87,0.62,0.76,0.11,grapes
6.42,0.66,0.64,0.09,grapes
6.36,0.61,0.7,0.09,grapes
6.65,0.8,0.77,0.09,grapes
6.25,0.71,0.79,0.13,grapes
6.35,0.78,0.68,0.1,grapes
6.55,0.65,0.67,0.1,grapes
6.5,0.66,0.62,0.07,grapes
6.36,0.62,0.61,0.14,grapes
6.56,0.73,0.69,0.06,grapes
6.46,0.61,0.62,0.1,grapes
6.33,0.64,0.72,0.14,grapes
6.02,0.75,0.69,0.13,grapes
6.83,0.61,0.6,0.09,grapes
6.82,0.76,0.7,0.06,grapes
6.08,0.61,0.74,0.09,grapes
6.86,0.61,0.76,0.13,grapes
6.05,0.75,0.68,0.11,grapes
6.15,0.63,0.76,0.08,grapes
6.36,0.65,0.7,0.15,grapes
6.14,0.62,0.65,0.12,grapes
6.6,0.69,0.61,0.12,grapes
6.93,0.76,0.75,0.11,grapes
6.71,0.68,0.74,0.14,grapes
6.5,0.62,0.79,0.08,grapes
6.03,0.76,0.65,0.08,grapes
6.14,0.75,0.79,0.06,grapes
6.98,0.66,0.74,0.06,grapes
6.14,0.78,0.73,0.15,grapes
6.3,0.79,0.62,0.07,grapes
6.38,0.79,0.68,0.1,grapes
6.57,0.71,0.64,0.09,grapes
6.99,0.69,0.68,0.14,grapes
6.36,0.71,0.72,0.06,grapes
6.12,0.61,0.77,0.13,grapes
6.86,0.79,0.73,0.09,grapes
6.41,0.8,0.67,0.07,grapes
6.84,0.76,0.63,0.14,grapes
6.93,0.77,0.72,0.07,grapes
6.81,0.73,0.77,0.08,grapes
6.61,0.8,0.79,0.1,grapes
6.54,0.75,0.77,0.11,grapes
6.61,0.69,0.79,0.05,grapes
6.16,0.6,0.64,0.13,grapes
6.15,0.78,0.64,0.14,grapes
6.56,0.68,0.71,0.12,grapes
6.01,0.64,0.77,0.08,grapes
6.59,0.78,0.76,0.14,grapes
6.21,0.61,0.8,0.14,grapes
6.51,0.63,0.66,0.09,grapes
6.17,0.61,0.75,0.13,grapes
6.76,0.68,0.72,0.12,grapes
6.25,0.72,0.75,0.08,grapes
6.7,0.65,0.72,0.06,grapes
6.77,0.71,0.68,0.11,grapes
6.71,0.68,0.72,0.12,grapes
6.19,0.68,0.68,0.08,grapes
6.89,0.66,0.67,0.06,grapes
6.67,0.65,0.62,0.14,grapes
6.15,0.61,0.62,0.06,grapes
6.81,0.78,0.6,0.09,grapes
6.1,0.79,0.72,0.06,grapes
6.9,0.63,0.79,0.05,grapes
6.43,0.76,0.79,0.09,grapes
6.27,0.66,0.7,0.13,grapes
6.39,0.62,0.64,0.12,grapes
6.47,0.75,0.61,0.1,grapes
6.96,0.64,0.73,0.1,grapes
6.61,0.63,0.65,0.08,grapes
7.15,0.57,0.46,0.18,orange
6.26,0.53,0.56,0.31,orange
6.48,0.5,0.51,0.23,orange
6.02,0.5,0.5,0.23,orange
6.0,0.42,0.5,0.21,orange
6.22,0.4,0.5,0.17,orange
6.46,0.5,0.41,0.15,orange
7.03,0.58,0.44,0.23,orange
6.59,0.41,0.59,0.22,orange
6.13,0.48,0.54,0.27,orange
6.48,0.49,0.45,0.35,orange
7.19,0.57,0.43,0.15,orange
6.16,0.4,0.51,0.3,orange
7.28,0.5,0.46,0.38,orange
6.35,0.5,0.59,0.26,orange
7.26,0.53,0.5,0.33,orange
7.26,0.57,0.48,0.28,orange
6.38,0.47,0.56,0.22,orange
6.23,0.6,0.42,0.23,orange
6.06,0.5,0.6,0.13,orange
6.67,0.54,0.48,0.2,orange
6.44,0.44,0.43,0.2,orange
6.34,0.55,0.45,0.13,orange
7.21,0.54,0.54,0.24,orange
6.86,0.6,0.54,0.23,orange
6.85,0.41,0.59,0.3,orange
7.24,0.5,0.44,0.39,orange
6.93,0.58,0.41,0.34,orange
6.96,0.55,0.56,0.33,orange
6.38,0.57,0.56,0.31,orange
6.44,0.56,0.42,0.36,orange
6.42,0.49,0.43,0.3,orange
7.18,0.52,0.52,0.2,orange
6.78,0.56,0.56,0.29,orange
6.65,0.52,0.48,0.38,orange
6.18,0.4,0.41,0.16,orange
6.25,0.47,0.53,0.24,orange
6.17,0.6,0.42,0.4,orange
6.69,0.59,0.6,0.37,orange
6.08,0.43,0.4,0.19,orange
6.37,0.54,0.45,0.29,orange
6.71,0.59,0.45,0.12,orange
6.46,0.41,0.47,0.28,orange
6.51,0.49,0.48,0.24,orange
6.03,0.54,0.59,0.4,orange
7.17,0.41,0.44,0.34,orange
6.16,0.55,0.53,0.26,orange
6.86,0.48,0.41,0.18,orange
7.37,0.5,0.48,0.27,orange
6.34,0.48,0.45,0.15,orange
6.62,0.43,0.57,0.34,orange
6.6,0.41,0.48,0.38,orange
6.52,0.47,0.53,0.34,orange
7.27,0.53,0.48,0.21,orange
6.51,0.6,0.49,0.24,orange
6.03,0.49,0.53,0.13,orange
6.27,0.58,0.55,0.25,orange
6.51,0.41,0.58,0.32,orange
6.4,0.55,0.56,0.23,orange
7.37,0.57,0.46,0.17,orange
7.34,0.51,0.54,0.37,orange
7.26,0.53,0.57,0.3,orange
7.09,0.46,0.43,0.22,orange
6.31,0.5,0.49,0.38,orange
7.39,0.44,0.4,0.28,orange
6.28,0.59,0.44,0.12,orange
6.53,0.45,0.49,0.3,orange
6.29,0.52,0.45,0.3,orange
7.17,0.41,0.47,0.16,orange
6.28,0.54,0.42,0.27,orange
7.01,0.42,0.43,0.27,orange
6.73,0.44,0.5,0.35,orange
6.91,0.47,0.47,0.22,orange
6.38,0.51,0.57,0.36,orange
6.97,0.48,0.44,0.36,orange
6.55,0.44,0.5,0.26,orange
6.54,0.55,0.42,0.36,orange
6.4,0.5,0.52,0.28,orange
6.2,0.52,0.6,0.13,orange
7.09,0.43,0.55,0.21,orange
6.29,0.46,0.57,0.22,orange
6.38,0.44,0.45,0.21,orange
7.0,0.51,0.43,0.34,orange
6.64,0.5,0.53,0.2,orange
6.36,0.52,0.53,0.22,orange
6.68,0.56,0.51,0.4,orange
6.72,0.58,0.54,0.23,orange
6.1,0.48,0.5,0.29,orange
6.33,0.56,0.51,0.13,orange
6.67,0.51,0.48,0.23,orange
7.39,0.46,0.43,0.25,orange
6.7,0.54,0.59,0.19,orange
6.9,0.59,0.48,0.4,orange
6.13,0.54,0.44,0.36,orange
6.2,0.51,0.6,0.29,orange
6.67,0.47,0.56,0.3,orange
6.52,0.54,0.58,0.39,orange
7.0,0.45,0.56,0.39,orange
6.77,0.48,0.56,0.31,orange
6.24,0.43,0.53,0.38,orange
5.28,0.86,0.55,0.06,blackberry
5.31,0.76,0.48,0.09,blackberry
5.07,0.78,0.4,0.03,blackberry
5.57,0.89,0.47,0.02,blackberry
5.97,0.83,0.42,0.04,blackberry
5.73,0.76,0.45,0.04,blackberry
5.1,0.87,0.56,0.02,blackberry
5.13,0.77,0.44,0.07,blackberry
5.88,0.85,0.41,0.01,blackberry
5.86,0.78,0.44,0.03,blackberry
5.89,0.81,0.46,0.06,blackberry
5.15,0.77,0.54,0.08,blackberry
5.02,0.86,0.59,0.0,blackberry
5.99,0.75,0.54,0.03,blackberry
5.15,0.83,0.42,0.08,blackberry
5.48,0.88,0.57,0.05,blackberry
5.87,0.8,0.59,0.02,blackberry
5.74,0.76,0.56,0.07,blackberry
5.43,0.88,0.48,0.01,blackberry
5.34,0.79,0.46,0.03,blackberry
5.47,0.75,0.43,0.08,blackberry
5.95,0.85,0.55,0.01,blackberry
5.39,0.76,0.49,0.02,blackberry
5.06,0.82,0.41,0.08,blackberry
5.48,0.77,0.56,0.09,blackberry
5.67,0.75,0.42,0.01,blackberry
5.45,0.78,0.52,0.04,blackberry
5.6,0.88,0.5,0.09,blackberry
5.98,0.78,0.43,0.07,blackberry
5.5,0.8,0.52,0.0,blackberry
5.92,0.89,0.52,0.1,blackberry
5.9,0.82,0.57,0.07,blackberry
5.12,0.86,0.49,0.08,blackberry
5.3,0.8,0.6,0.09,blackberry
5.18,0.84,0.4,0.09,blackberry
5.22,0.76,0.44,0.01,blackberry
5.6,0.77,0.57,0.08,blackberry
5.27,0.8,0.55,0.06,blackberry
5.78,0.78,0.48,0.01,blackberry
5.04,0.82,0.52,0.08,blackberry
5.29,0.76,0.59,0.08,blackberry
5.99,0.83,0.49,0.1,blackberry
5.16,0.78,0.58,0.01,blackberry
5.87,0.81,0.46,0.04,blackberry
5.65,0.85,0.4,0.02,blackberry
5.75,0.82,0.52,0.08,blackberry
5.22,0.84,0.43,0.04,blackberry
5.17,0.89,0.44,0.06,blackberry
5.24,0.88,0.42,0.01,blackberry
5.56,0.76,0.47,0.07,blackberry
5.02,0.83,0.47,0.05,blackberry
5.25,0.75,0.54,0.02,blackberry
5.44,0.86,0.57,0.1,blackberry
5.16,0.78,0.53,0.0,blackberry
5.3,0.84,0.58,0.06,blackberry
5.92,0.88,0.43,0.04,blackberry
5.63,0.76,0.45,0.04,blackberry
5.02,0.84,0.48,0.07,blackberry
5.96,0.76,0.49,0.03,blackberry
5.94,0.79,0.46,0.08,blackberry
5.54,0.84,0.53,0.06,blackberry
5.63,0.79,0.47,0.09,blackberry
5.69,0.78,0.51,0.07,blackberry
5.94,0.8,0.56,0.06,blackberry
5.29,0.84,0.45,0.1,blackberry
5.93,0.83,0.5,0.09,blackberry
5.95,0.82,0.54,0.01,blackberry
5.21,0.89,0.43,0.09,blackberry
5.84,0.87,0.54,0.09,blackberry
5.52,0.76,0.59,0.01,blackberry
5.17,0.86,0.44,0.08,blackberry
5.75,0.75,0.48,0.09,blackberry
5.94,0.89,0.42,0.01,blackberry
5.4,0.88,0.48,0.08,blackberry
5.06,0.76,0.5,0.07,blackberry
5.34,0.78,0.54,0.07,blackberry
5.9,0.84,0.52,0.1,blackberry
5.79,0.8,0.58,0.05,blackberry
5.0,0.87,0.55,0.05,blackberry
5.92,0.78,0.46,0.02,blackberry
5.85,0.83,0.43,0.04,blackberry
5.59,0.85,0.47,0.01,blackberry
5.1,0.85,0.43,0.05,blackberry
5.12,0.81,0.47,0.1,blackberry
5.2,0.85,0.44,0.05,blackberry
5.83,0.84,0.51,0.03,blackberry
5.94,0.78,0.54,0.1,blackberry
5.24,0.81,0.56,0.02,blackberry
5.24,0.79,0.5,0.07,blackberry
5.93,0.82,0.59,0.03,blackberry
5.02,0.83,0.54,0.01,blackberry
5.95,0.78,0.4,0.09,blackberry
5.75,0.81,0.54,0.02,blackberry
5.68,0.87,0.41,0.01,blackberry
5.85,0.83,0.54,0.02,blackberry
5.15,0.78,0.58,0.08,blackberry
6.0,0.85,0.46,0.04,blackberry
5.71,0.8,0.59,0.02,blackberry
5.68,0.85,0.5,0.05,blackberry
5.98,0.87,0.53,0.0,blackberry
6.04,0.64,0.55,0.22,strawberry
5.96,0.74,0.68,0.24,strawberry
5.69,0.73,0.76,0.24,strawberry
6.55,0.68,0.77,0.22,strawberry
5.65,0.67,0.85,0.22,strawberry
5.06,0.66,0.88,0.21,strawberry
6.37,0.74,0.55,0.23,strawberry
7.12,0.7,0.75,0.25,strawberry
5.59,0.6,0.86,0.23,strawberry
5.72,0.64,0.71,0.23,strawberry
6.5,0.68,0.77,0.25,strawberry
6.89,0.71,0.76,0.2,strawberry
7.4,0.75,0.84,0.21,strawberry
7.19,0.73,0.66,0.23,strawberry
5.87,0.71,0.61,0.25,strawberry
6.44,0.74,0.67,0.23,strawberry
5.9,0.7,0.8,0.21,strawberry
5.17,0.63,0.58,0.23,strawberry
5.73,0.71,0.84,0.24,strawberry
5.62,0.67,0.66,0.23,strawberry
6.34,0.6,0.75,0.2,strawberry
5.17,0.66,0.75,0.21,strawberry
5.77,0.62,0.78,0.24,strawberry
7.02,0.63,0.57,0.24,strawberry
5.66,0.66,0.85,0.22,strawberry
6.1,0.68,0.62,0.23,strawberry
7.3,0.68,0.72,0.23,strawberry
6.2,0.76,0.55,0.23,strawberry
5.49,0.61,0.67,0.21,strawberry
5.67,0.78,0.56,0.21,strawberry
5.66,0.68,0.59,0.24,strawberry
6.62,0.61,0.61,0.2,strawberry
5.66,0.66,0.73,0.23,strawberry
7.46,0.62,0.67,0.2,strawberry
5.25,0.78,0.68,0.24,strawberry
5.08,0.69,0.68,0.25,strawberry
5.87,0.75,0.65,0.23,strawberry
7.22,0.73,0.58,0.23,strawberry
7.3,0.71,0.67,0.2,strawberry
5.9,0.8,0.85,0.23,strawberry
5.5,0.73,0.5,0.25,strawberry
6.68,0.68,0.67,0.2,strawberry
6.83,0.68,0.57,0.21,strawberry
7.38,0.69,0.5,0.25,strawberry
5.35,0.64,0.66,0.22,strawberry
5.64,0.67,0.69,0.24,strawberry
5.16,0.72,0.64,0.23,strawberry
5.55,0.62,0.65,0.23,strawberry
6.92,0.66,0.7,0.21,strawberry
6.28,0.78,0.58,0.25,strawberry
6.15,0.65,0.59,0.21,strawberry
7.27,0.78,0.58,0.23,strawberry
6.27,0.68,0.72,0.24,strawberry
5.44,0.66,0.82,0.21,strawberry
6.77,0.74,0.62,0.23,strawberry
5.47,0.65,0.74,0.23,strawberry
6.49,0.71,0.57,0.21,strawberry
6.43,0.77,0.7,0.21,strawberry
6.18,0.64,0.83,0.22,strawberry
6.75,0.79,0.77,0.25,strawberry
5.22,0.74,0.55,0.24,strawberry
6.43,0.68,0.77,0.22,strawberry
6.74,0.68,0.56,0.22,strawberry
7.17,0.7,0.76,0.2,strawberry
7.26,0.77,0.89,0.23,strawberry
6.49,0.7,0.5,0.22,strawberry
6.49,0.75,0.78,0.23,strawberry
7.01,0.65,0.74,0.23,strawberry
6.57,0.8,0.58,0.2,strawberry
6.6,0.79,0.58,0.24,strawberry
6.3,0.64,0.75,0.21,strawberry
5.74,0.65,0.66,0.22,strawberry
6.23,0.76,0.52,0.23,strawberry
6.65,0.68,0.54,0.2,strawberry
6.16,0.79,0.54,0.24,strawberry
6.91,0.78,0.69,0.25,strawberry
5.54,0.74,0.75,0.21,strawberry
5.21,0.7,0.78,0.2,strawberry
6.06,0.64,0.8,0.22,strawberry
7.22,0.78,0.83,0.25,strawberry
5.14,0.61,0.79,0.25,strawberry
6.59,0.68,0.52,0.21,strawberry
6.88,0.77,0.73,0.23,strawberry
6.92,0.68,0.53,0.24,strawberry
6.66,0.71,0.56,0.23,strawberry
6.97,0.67,0.58,0.21,strawberry
5.3,0.63,0.86,0.23,strawberry
5.59,0.74,0.66,0.24,strawberry
5.5,0.76,0.77,0.25,strawberry
6.43,0.63,0.76,0.24,strawberry
6.85,0.75,0.81,0.25,strawberry
6.57,0.73,0.58,0.24,strawberry
5.67,0.79,0.57,0.23,strawberry
5.62,0.62,0.87,0.25,strawberry
6.64,0.8,0.54,0.22,strawberry
6.25,0.63,0.71,0.22,strawberry
5.23,0.73,0.79,0.2,strawberry
6.71,0.74,0.56,0.2,strawberry
6.7,0.62,0.5,0.22,strawberry
6.62,0.77,0.86,0.2,strawberry
6.4,0.83,0.68,0.21,paddy
7.17,0.81,0.71,0.22,paddy
5.3,0.84,0.68,0.21,paddy
6.06,0.77,0.73,0.24,paddy
6.99,0.88,0.72,0.22,paddy
6.63,0.82,0.78,0.23,paddy
6.11,0.87,0.74,0.2,paddy
5.36,0.87,0.66,0.24,paddy
5.95,0.89,0.74,0.21,paddy
5.68,0.86,0.75,0.24,paddy
6.19,0.88,0.69,0.24,paddy
6.87,0.81,0.76,0.21,paddy
5.39,0.88,0.65,0.24,paddy
5.87,0.81,0.66,0.23,paddy
5.48,0.86,0.69,0.24,paddy
6.53,0.78,0.77,0.21,paddy
7.01,0.86,0.74,0.23,paddy
6.43,0.87,0.71,0.21,paddy
6.53,0.84,0.76,0.2,paddy
5.65,0.76,0.72,0.22,paddy
5.54,0.81,0.75,0.24,paddy
7.03,0.78,0.68,0.24,paddy
6.74,0.83,0.67,0.21,paddy
6.51,0.79,0.75,0.23,paddy
5.6,0.77,0.8,0.23,paddy
5.65,0.9,0.72,0.24,paddy
7.18,0.86,0.75,0.25,paddy
6.7,0.89,0.68,0.21,paddy
6.71,0.82,0.77,0.23,paddy
5.36,0.84,0.72,0.21,paddy
6.39,0.78,0.76,0.22,paddy
6.01,0.87,0.67,0.23,paddy
5.88,0.88,0.8,0.25,paddy
6.27,0.84,0.69,0.25,paddy
5.48,0.79,0.69,0.22,paddy
6.53,0.87,0.7,0.22,paddy
6.38,0.89,0.67,0.2,paddy
5.32,0.8,0.78,0.24,paddy
5.6,0.86,0.75,0.23,paddy
5.86,0.84,0.74,0.24,paddy
5.81,0.84,0.68,0.21,paddy
6.47,0.86,0.7,0.2,paddy
6.8,0.83,0.7,0.25,paddy
6.09,0.85,0.73,0.24,paddy
5.73,0.76,0.76,0.24,paddy
6.25,0.85,0.68,0.21,paddy
5.6,0.78,0.71,0.2,paddy
6.96,0.84,0.76,0.23,paddy
6.71,0.77,0.79,0.21,paddy
6.27,0.85,0.69,0.24,paddy
6.23,0.77,0.76,0.23,paddy
5.43,0.77,0.71,0.2,paddy
6.7,0.79,0.69,0.24,paddy
6.91,0.85,0.78,0.22,paddy
5.95,0.84,0.68,0.21,paddy
5.83,0.77,0.72,0.2,paddy
5.76,0.86,0.65,0.23,paddy
6.97,0.78,0.68,0.23,paddy
7.11,0.87,0.69,0.21,paddy
6.71,0.89,0.69,0.24,paddy
6.6,0.86,0.66,0.25,paddy
6.05,0.82,0.74,0.21,paddy
5.84,0.78,0.71,0.22,paddy
5.33,0.8,0.77,0.23,paddy
6.29,0.77,0.72,0.23,paddy
7.16,0.78,0.68,0.24,paddy
6.42,0.87,0.74,0.21,paddy
7.14,0.83,0.67,0.22,paddy
5.51,0.75,0.71,0.2,paddy
6.11,0.83,0.79,0.22,paddy
6.89,0.81,0.77,0.21,paddy
6.13,0.81,0.66,0.24,paddy
5.67,0.88,0.8,0.21,paddy
5.37,0.76,0.8,0.22,paddy
5.92,0.78,0.67,0.24,paddy
6.35,0.88,0.71,0.21,paddy
6.6,0.78,0.66,0.23,paddy
5.38,0.81,0.78,0.2,paddy
6.47,0.83,0.76,0.22,paddy
6.85,0.78,0.74,0.21,paddy
7.05,0.8,0.74,0.21,paddy
5.74,0.83,0.73,0.22,paddy
6.53,0.84,0.68,0.25,paddy
5.55,0.89,0.8,0.24,paddy
7.16,0.83,0.73,0.24,paddy
6.17,0.77,0.77,0.24,paddy
7.18,0.79,0.78,0.2,paddy
5.92,0.76,0.72,0.23,paddy
6.69,0.75,0.7,0.22,paddy
6.96,0.84,0.76,0.24,paddy
6.48,0.83,0.67,0.24,paddy
6.38,0.87,0.79,0.23,paddy
7.01,0.89,0.77,0.22,paddy
5.4,0.76,0.67,0.24,paddy
5.99,0.83,0.7,0.22,paddy
6.65,0.9,0.69,0.22,paddy
7.08,0.77,0.76,0.21,paddy
6.11,0.82,0.77,0.22,paddy
6.01,0.79,0.78,0.21,paddy
6.78,0.86,0.75,0.25,paddy
4.84,0.51,0.82,0.41,phapar
7.14,0.51,0.82,0.4,phapar
5.31,0.54,0.84,0.4,phapar
6.44,0.5,0.82,0.41,phapar
5.52,0.54,0.85,0.41,phapar
7.22,0.53,0.84,0.41,phapar
6.91,0.54,0.81,0.4,phapar
4.16,0.52,0.8,0.42,phapar
5.74,0.5,0.82,0.38,phapar
5.49,0.52,0.83,0.4,phapar
5.04,0.53,0.83,0.41,phapar
4.63,0.54,0.82,0.39,phapar
6.71,0.51,0.83,0.41,phapar
4.12,0.54,0.85,0.38,phapar
3.59,0.52,0.81,0.41,phapar
5.68,0.51,0.81,0.4,phapar
5.6,0.54,0.8,0.41,phapar
5.03,0.53,0.81,0.41,phapar
6.38,0.51,0.83,0.41,phapar
4.84,0.55,0.82,0.4,phapar
6.14,0.53,0.8,0.42,phapar
7.3,0.51,0.84,0.39,phapar
6.55,0.54,0.81,0.41,phapar
4.93,0.51,0.81,0.41,phapar
5.22,0.51,0.82,0.4,phapar
5.46,0.52,0.82,0.39,phapar
5.51,0.53,0.84,0.39,phapar
4.12,0.53,0.82,0.41,phapar
5.33,0.53,0.8,0.38,phapar
5.47,0.54,0.83,0.4,phapar
5.62,0.51,0.84,0.38,phapar
6.4,0.51,0.81,0.41,phapar
6.35,0.5,0.82,0.4,phapar
4.4,0.55,0.81,0.38,phapar
6.6,0.53,0.8,0.4,phapar
4.62,0.55,0.82,0.4,phapar
4.88,0.52,0.81,0.4,phapar
6.35,0.53,0.83,0.4,phapar
5.15,0.52,0.81,0.38,phapar
4.1,0.51,0.83,0.39,phapar
3.95,0.51,0.8,0.4,phapar
4.91,0.54,0.84,0.4,phapar
5.04,0.53,0.8,0.42,phapar
4.52,0.53,0.81,0.39,phapar
4.88,0.55,0.84,0.39,phapar
7.03,0.5,0.83,0.41,phapar
7.22,0.54,0.85,0.4,phapar
4.61,0.54,0.84,0.41,phapar
6.03,0.55,0.82,0.39,phapar
4.7,0.52,0.85,0.4,phapar
5.86,0.51,0.85,0.41,phapar
6.07,0.54,0.85,0.4,phapar
4.74,0.52,0.82,0.38,phapar
4.52,0.52,0.82,0.39,phapar
4.05,0.51,0.85,0.4,phapar
5.49,0.53,0.84,0.41,phapar
7.26,0.53,0.82,0.39,phapar
6.1,0.53,0.82,0.42,phapar
4.36,0.54,0.85,0.42,phapar
6.27,0.52,0.81,0.4,phapar
6.42,0.55,0.81,0.39,phapar
4.35,0.54,0.81,0.38,phapar
6.19,0.54,0.83,0.4,phapar
4.94,0.5,0.81,0.39,phapar
3.68,0.51,0.83,0.4,phapar
4.03,0.54,0.81,0.41,phapar
7.01,0.54,0.8,0.4,phapar
5.14,0.52,0.84,0.4,phapar
3.69,0.5,0.83,0.39,phapar
3.9,0.54,0.81,0.4,phapar
6.88,0.54,0.8,0.39,phapar
5.33,0.54,0.83,0.39,phapar
6.5,0.54,0.82,0.39,phapar
7.26,0.52,0.81,0.38,phapar
4.59,0.53,0.82,0.4,phapar
7.25,0.51,0.83,0.4,phapar
6.28,0.51,0.85,0.42,phapar
3.62,0.55,0.82,0.4,phapar
4.53,0.51,0.8,0.39,phapar
4.59,0.51,0.81,0.4,phapar
6.12,0.51,0.84,0.39,phapar
5.95,0.54,0.85,0.41,phapar
5.36,0.53,0.85,0.41,phapar
7.04,0.5,0.84,0.41,phapar
7.13,0.52,0.8,0.39,phapar
5.18,0.51,0.84,0.41,phapar
3.53,0.54,0.8,0.4,phapar
5.22,0.51,0.82,0.39,phapar
5.77,0.53,0.82,0.42,phapar
6.49,0.54,0.85,0.42,phapar
3.96,0.54,0.84,0.4,phapar
4.05,0.52,0.82,0.39,phapar
6.01,0.5,0.83,0.4,phapar
7.1,0.52,0.8,0.4,phapar
5.51,0.52,0.81,0.41,phapar
4.65,0.52,0.82,0.4,phapar
5.24,0.54,0.84,0.4,phapar
4.49,0.52,0.82,0.39,phapar
3.9,0.52,0.8,0.41,phapar
4.21,0.54,0.8,0.4,phapar
5.88,0.8,0.79,0.31,maize
6.03,0.88,0.69,0.31,maize
5.9,0.9,0.67,0.31,maize
5.8,0.89,0.77,0.25,maize
6.06,0.78,0.75,0.29,maize
6.74,0.87,0.76,0.3,maize
7.18,0.76,0.71,0.27,maize
6.5,0.78,0.75,0.28,maize
6.2,0.9,0.78,0.27,maize
5.81,0.88,0.69,0.31,maize
6.65,0.78,0.73,0.25,maize
6.31,0.77,0.66,0.31,maize
6.52,0.81,0.73,0.32,maize
5.66,0.81,0.77,0.3,maize
5.33,0.78,0.75,0.27,maize
5.93,0.75,0.79,0.28,maize
5.94,0.89,0.71,0.28,maize
6.81,0.86,0.73,0.32,maize
5.94,0.83,0.66,0.31,maize
7.18,0.86,0.76,0.3,maize
5.38,0.79,0.71,0.25,maize
5.7,0.87,0.75,0.3,maize
7.08,0.76,0.73,0.32,maize
6.47,0.78,0.79,0.31,maize
5.94,0.83,0.78,0.31,maize
6.81,0.79,0.71,0.31,maize
6.81,0.83,0.66,0.29,maize
6.73,0.82,0.74,0.3,maize
5.51,0.78,0.72,0.3,maize
7.03,0.78,0.79,0.31,maize
6.5,0.84,0.79,0.27,maize
6.95,0.86,0.73,0.31,maize
6.27,0.81,0.77,0.25,maize
5.55,0.77,0.76,0.27,maize
6.59,0.83,0.67,0.26,maize
5.4,0.78,0.67,0.29,maize
5.71,0.82,0.79,0.27,maize
6.59,0.78,0.75,0.3,maize
6.25,0.85,0.8,0.3,maize
5.36,0.89,0.74,0.31,maize
5.77,0.81,0.71,0.27,maize
6.04,0.78,0.75,0.28,maize
6.36,0.82,0.78,0.26,maize
5.86,0.87,0.69,0.26,maize
6.45,0.88,0.72,0.3,maize
6.66,0.89,0.68,0.27,maize
6.41,0.84,0.74,0.29,maize
5.31,0.76,0.73,0.26,maize
7.03,0.88,0.7,0.31,maize
6.05,0.77,0.71,0.26,maize
5.91,0.8,0.66,0.26,maize
5.87,0.79,0.77,0.26,maize
5.74,0.76,0.66,0.25,maize
6.43,0.78,0.69,0.3,maize
6.79,0.83,0.7,0.26,maize
5.38,0.84,0.73,0.32,maize
7.07,0.83,0.67,0.3,maize
6.16,0.77,0.8,0.29,maize
5.65,0.79,0.67,0.32,maize
5.64,0.8,0.7,0.26,maize
5.34,0.89,0.67,0.29,maize
6.36,0.85,0.74,0.3,maize
6.9,0.88,0.65,0.29,maize
6.42,0.83,0.68,0.27,maize
5.31,0.9,0.73,0.3,maize
5.7,0.77,0.7,0.28,maize
6.72,0.89,0.76,0.29,maize
6.2,0.82,0.76,0.27,maize
5.75,0.86,0.76,0.27,maize
5.98,0.9,0.74,0.3,maize
7.06,0.86,0.79,0.27,maize
6.72,0.81,0.72,0.28,maize
5.73,0.84,0.65,0.32,maize
5.83,0.87,0.77,0.28,maize
6.72,0.79,0.77,0.3,maize
6.81,0.88,0.68,0.32,maize
6.89,0.76,0.79,0.31,maize
5.69,0.81,0.78,0.29,maize
6.69,0.78,0.69,0.25,maize
6.57,0.82,0.72,0.28,maize
6.75,0.85,0.79,0.28,maize
6.09,0.78,0.73,0.29,maize
5.73,0.86,0.74,0.26,maize
6.56,0.78,0.7,0.27,maize
6.93,0.77,0.69,0.3,maize
6.04,0.77,0.74,0.3,maize
7.0,0.88,0.67,0.28,maize
5.9,0.8,0.79,0.28,maize
6.79,0.86,0.66,0.29,maize
5.82,0.83,0.7,0.26,maize
6.94,0.83,0.72,0.28,maize
5.38,0.82,0.77,0.28,maize
5.53,0.85,0.79,0.26,maize
6.76,0.86,0.76,0.27,maize
6.86,0.87,0.77,0.28,maize
5.46,0.88,0.66,0.27,maize
5.91,0.86,0.68,0.32,maize
5.66,0.9,0.74,0.29,maize
6.82,0.77,0.75,0.27,maize
5.68,0.81,0.67,0.27,maize
5.21,0.5,0.71,0.13,tea
5.24,0.48,0.72,0.12,tea
5.72,0.53,0.73,0.13,tea
5.01,0.46,0.75,0.12,tea
5.4,0.51,0.73,0.12,tea
5.79,0.51,0.71,0.14,tea
5.24,0.46,0.73,0.12,tea
5.85,0.45,0.73,0.13,tea
5.13,0.56,0.73,0.14,tea
5.01,0.58,0.75,0.16,tea
5.83,0.55,0.75,0.12,tea
5.7,0.48,0.73,0.16,tea
5.03,0.53,0.7,0.14,tea
5.2,0.56,0.72,0.12,tea
5.2,0.58,0.74,0.14,tea
5.89,0.47,0.75,0.14,tea
5.1,0.55,0.72,0.15,tea
5.02,0.57,0.73,0.16,tea
5.38,0.49,0.72,0.13,tea
5.77,0.53,0.71,0.14,tea
5.69,0.52,0.73,0.15,tea
5.4,0.45,0.73,0.13,tea
6.0,0.49,0.74,0.15,tea
5.19,0.54,0.75,0.12,tea
5.33,0.49,0.73,0.15,tea
5.52,0.52,0.73,0.15,tea
5.05,0.45,0.74,0.14,tea
5.71,0.49,0.73,0.12,tea
5.55,0.51,0.74,0.13,tea
5.59,0.47,0.74,0.16,tea
5.98,0.54,0.74,0.13,tea
5.05,0.53,0.73,0.13,tea
5.7,0.46,0.71,0.13,tea
5.62,0.55,0.72,0.14,tea
5.27,0.54,0.7,0.13,tea
5.57,0.56,0.71,0.12,tea
5.78,0.52,0.73,0.15,tea
5.2,0.52,0.72,0.12,tea
5.94,0.58,0.71,0.15,tea
5.58,0.58,0.74,0.12,tea
5.51,0.57,0.74,0.15,tea
5.99,0.55,0.7,0.16,tea
5.51,0.55,0.71,0.12,tea
5.36,0.51,0.75,0.15,tea
5.36,0.49,0.74,0.13,tea
5.83,0.53,0.73,0.15,tea
5.51,0.51,0.71,0.14,tea
5.2,0.55,0.72,0.13,tea
5.16,0.55,0.7,0.13,tea
5.33,0.49,0.73,0.15,tea
5.75,0.54,0.71,0.13,tea
5.42,0.56,0.75,0.16,tea
5.33,0.47,0.71,0.15,tea
5.5,0.52,0.74,0.15,tea
5.93,0.48,0.74,0.15,tea
5.23,0.55,0.72,0.16,tea
5.14,0.53,0.73,0.15,tea
5.64,0.49,0.71,0.15,tea
5.24,0.6,0.75,0.16,tea
5.57,0.52,0.74,0.15,tea
5.75,0.51,0.75,0.13,tea
5.92,0.56,0.73,0.13,tea
5.75,0.56,0.71,0.15,tea
5.86,0.49,0.73,0.13,tea
5.02,0.47,0.7,0.12,tea
5.24,0.51,0.72,0.13,tea
5.51,0.59,0.73,0.12,tea
5.6,0.58,0.75,0.12,tea
5.22,0.55,0.72,0.14,tea
5.46,0.47,0.73,0.14,tea
5.48,0.56,0.75,0.16,tea
5.99,0.5,0.71,0.12,tea
5.11,0.47,0.71,0.12,tea
5.03,0.49,0.71,0.14,tea
5.81,0.52,0.71,0.14,tea
5.37,0.47,0.75,0.15,tea
5.44,0.59,0.73,0.15,tea
5.15,0.48,0.75,0.15,tea
5.75,0.49,0.73,0.15,tea
5.75,0.57,0.7,0.15,tea
5.55,0.6,0.7,0.13,tea
5.13,0.51,0.74,0.15,tea
5.13,0.54,0.74,0.15,tea
5.2,0.51,0.71,0.15,tea
5.46,0.59,0.72,0.14,tea
5.95,0.49,0.71,0.14,tea
5.51,0.52,0.73,0.14,tea
5.99,0.53,0.73,0.15,tea
5.5,0.52,0.73,0.15,tea
5.4,0.56,0.74,0.13,tea
5.27,0.54,0.75,0.14,tea
5.37,0.53,0.74,0.15,tea
5.97,0.52,0.71,0.15,tea
5.88,0.53,0.73,0.14,tea
5.88,0.51,0.74,0.12,tea
5.63,0.54,0.74,0.12,tea
5.86,0.53,0.7,0.16,tea
5.17,0.59,0.73,0.14,tea
5.74,0.51,0.74,0.15,tea
5.91,0.54,0.73,0.12,tea
5.23,0.55,0.72,0.15,coffee
5.52,0.53,0.75,0.17,coffee
5.12,0.51,0.71,0.12,coffee
5.81,0.6,0.73,0.16,coffee
5.86,0.6,0.73,0.14,coffee
5.16,0.52,0.71,0.16,coffee
5.42,0.56,0.71,0.13,coffee
5.67,0.56,0.71,0.18,coffee
5.1,0.54,0.7,0.18,coffee
5.01,0.52,0.72,0.14,coffee
5.12,0.6,0.74,0.15,coffee
5.13,0.56,0.74,0.12,coffee
5.01,0.55,0.72,0.16,coffee
5.19,0.54,0.74,0.18,coffee
5.9,0.56,0.71,0.13,coffee
5.87,0.51,0.75,0.15,coffee
5.4,0.51,0.75,0.15,coffee
5.91,0.59,0.73,0.14,coffee
5.27,0.54,0.7,0.14,coffee
5.82,0.54,0.71,0.12,coffee
5.98,0.51,0.73,0.16,coffee
5.45,0.52,0.72,0.14,coffee
5.39,0.56,0.72,0.14,coffee
5.4,0.58,0.74,0.17,coffee
5.13,0.6,0.74,0.17,coffee
5.11,0.52,0.72,0.13,coffee
5.02,0.59,0.72,0.14,coffee
5.81,0.57,0.7,0.16,coffee
5.59,0.55,0.7,0.12,coffee
5.57,0.5,0.71,0.12,coffee
5.04,0.53,0.75,0.18,coffee
5.52,0.52,0.75,0.16,coffee
5.74,0.56,0.71,0.15,coffee
5.14,0.56,0.71,0.15,coffee
5.94,0.59,0.74,0.14,coffee
5.86,0.51,0.75,0.14,coffee
5.97,0.56,0.72,0.17,coffee
5.57,0.52,0.71,0.14,coffee
5.5,0.58,0.73,0.17,coffee
5.31,0.6,0.7,0.17,coffee
5.27,0.51,0.71,0.15,coffee
5.98,0.58,0.73,0.17,coffee
5.83,0.5,0.71,0.17,coffee
5.49,0.5,0.75,0.13,coffee
5.32,0.57,0.74,0.15,coffee
5.72,0.57,0.74,0.18,coffee
5.41,0.58,0.72,0.15,coffee
5.05,0.51,0.73,0.13,coffee
5.46,0.55,0.73,0.16,coffee
5.82,0.56,0.7,0.17,coffee
5.13,0.59,0.71,0.15,coffee
5.06,0.51,0.73,0.14,coffee
5.56,0.56,0.74,0.17,coffee
5.09,0.5,0.72,0.14,coffee
5.19,0.55,0.7,0.15,coffee
5.88,0.57,0.72,0.18,coffee
5.97,0.56,0.74,0.13,coffee
5.7,0.5,0.71,0.14,coffee
5.08,0.58,0.73,0.16,coffee
5.83,0.52,0.73,0.14,coffee
5.64,0.54,0.72,0.16,coffee
5.56,0.57,0.71,0.14,coffee
5.88,0.59,0.72,0.13,coffee
5.33,0.6,0.72,0.13,coffee
5.17,0.59,0.74,0.16,coffee
5.29,0.53,0.73,0.12,coffee
5.36,0.58,0.71,0.13,coffee
5.81,0.53,0.73,0.14,coffee
5.85,0.5,0.74,0.13,coffee
5.23,0.52,0.74,0.12,coffee
5.36,0.58,0.71,0.12,coffee
5.62,0.54,0.71,0.13,coffee
5.33,0.58,0.71,0.14,coffee
5.82,0.51,0.74,0.13,coffee
5.18,0.51,0.73,0.15,coffee
5.78,0.56,0.73,0.16,coffee
5.39,0.6,0.73,0.13,coffee
5.05,0.51,0.73,0.14,coffee
5.43,0.53,0.74,0.15,coffee
5.51,0.55,0.71,0.14,coffee
5.17,0.57,0.7,0.13,coffee
5.32,0.6,0.74,0.18,coffee
5.83,0.57,0.73,0.17,coffee
5.36,0.56,0.73,0.12,coffee
5.11,0.5,0.7,0.16,coffee
5.59,0.52,0.72,0.12,coffee
5.05,0.56,0.72,0.15,coffee
5.36,0.53,0.7,0.16,coffee
5.11,0.55,0.74,0.16,coffee
5.1,0.53,0.73,0.14,coffee
5.97,0.51,0.73,0.14,coffee
5.03,0.56,0.7,0.17,coffee
5.64,0.53,0.73,0.13,coffee
5.9,0.58,0.73,0.16,coffee
5.08,0.53,0.72,0.13,coffee
5.74,0.54,0.75,0.17,coffee
5.24,0.57,0.73,0.15,coffee
5.15,0.58,0.71,0.16,coffee
5.81,0.56,0.71,0.17,coffee
5.87,0.52,0.71,0.18,coffee
5.43,0.76,0.75,0.26,jute
6.82,0.87,0.72,0.29,jute
6.7,0.86,0.69,0.3,jute
5.66,0.87,0.68,0.26,jute
5.49,0.84,0.74,0.21,jute
5.6,0.89,0.7,0.29,jute
5.96,0.87,0.73,0.31,jute
6.21,0.8,0.79,0.32,jute
7.12,0.76,0.68,0.27,jute
5.45,0.88,0.79,0.23,jute
6.08,0.83,0.8,0.28,jute
6.73,0.77,0.68,0.24,jute
6.62,0.79,0.79,0.21,jute
6.98,0.79,0.74,0.3,jute
5.78,0.77,0.77,0.21,jute
5.54,0.82,0.67,0.34,jute
6.84,0.81,0.66,0.31,jute
6.91,0.85,0.65,0.2,jute
6.58,0.85,0.75,0.21,jute
6.9,0.8,0.76,0.24,jute
5.85,0.77,0.77,0.25,jute
6.43,0.8,0.68,0.26,jute
5.41,0.85,0.75,0.3,jute
6.23,0.88,0.79,0.33,jute
5.79,0.87,0.78,0.33,jute
5.75,0.86,0.78,0.22,jute
6.84,0.79,0.67,0.24,jute
6.84,0.78,0.71,0.22,jute
5.56,0.86,0.77,0.23,jute
5.94,0.82,0.67,0.21,jute
6.04,0.78,0.77,0.32,jute
6.36,0.85,0.66,0.29,jute
5.73,0.8,0.67,0.21,jute
6.16,0.89,0.76,0.21,jute
6.34,0.89,0.66,0.34,jute
6.23,0.87,0.71,0.29,jute
6.65,0.82,0.73,0.31,jute
6.32,0.89,0.71,0.31,jute
6.67,0.81,0.73,0.21,jute
7.11,0.82,0.7,0.28,jute
5.81,0.88,0.72,0.22,jute
6.38,0.79,0.76,0.31,jute
6.86,0.88,0.67,0.22,jute
5.54,0.77,0.72,0.21,jute
7.02,0.86,0.76,0.3,jute
5.95,0.82,0.67,0.33,jute
6.91,0.75,0.79,0.26,jute
6.22,0.81,0.69,0.26,jute
6.65,0.88,0.71,0.35,jute
5.98,0.87,0.77,0.33,jute
6.23,0.78,0.65,0.31,jute
5.49,0.83,0.73,0.35,jute
6.33,0.78,0.76,0.29,jute
6.73,0.88,0.73,0.26,jute
6.83,0.89,0.76,0.34,jute
5.58,0.76,0.78,0.29,jute
5.81,0.9,0.79,0.32,jute
6.35,0.78,0.75,0.35,jute
5.48,0.77,0.72,0.33,jute
6.95,0.89,0.7,0.35,jute
7.08,0.84,0.69,0.21,jute
6.43,0.79,0.65,0.26,jute
6.47,0.79,0.72,0.35,jute
6.65,0.76,0.69,0.25,jute
5.4,0.81,0.77,0.2,jute
5.95,0.89,0.69,0.27,jute
5.99,0.81,0.77,0.34,jute
5.4,0.75,0.7,0.26,jute
7.05,0.89,0.71,0.26,jute
6.74,0.78,0.78,0.34,jute
5.85,0.81,0.7,0.23,jute
6.39,0.79,0.75,0.27,jute
5.57,0.88,0.77,0.21,jute
6.28,0.79,0.78,0.28,jute
6.25,0.82,0.69,0.21,jute
6.89,0.85,0.66,0.27,jute
6.84,0.81,0.75,0.24,jute
6.23,0.77,0.69,0.33,jute
5.71,0.8,0.74,0.27,jute
6.29,0.88,0.73,0.3,jute
6.49,0.86,0.71,0.21,jute
7.16,0.75,0.73,0.29,jute
6.87,0.83,0.79,0.25,jute
5.51,0.86,0.65,0.24,jute
6.44,0.88,0.72,0.28,jute
5.37,0.77,0.77,0.22,jute
6.46,0.89,0.7,0.35,jute
6.08,0.85,0.8,0.28,jute
5.64,0.77,0.79,0.32,jute
6.01,0.87,0.73,0.3,jute
6.28,0.79,0.69,0.22,jute
5.68,0.84,0.68,0.27,jute
5.64,0.81,0.8,0.27,jute
5.67,0.84,0.74,0.31,jute
7.01,0.81,0.72,0.25,jute
6.06,0.83,0.79,0.22,jute
5.89,0.81,0.72,0.34,jute
6.4,0.9,0.65,0.32,jute
5.56,0.76,0.73,0.26,jute
5.8,0.87,0.71,0.21,jute
7.5,0.57,0.24,0.16,paddy
5.25,0.59,0.22,0.15,paddy
6.24,0.65,0.22,0.18,paddy
5.22,0.58,0.23,0.16,paddy
5.07,0.62,0.23,0.16,paddy
6.62,0.64,0.24,0.2,paddy
6.78,0.58,0.24,0.18,paddy
5.24,0.59,0.24,0.17,paddy
5.03,0.63,0.21,0.16,paddy
6.4,0.63,0.22,0.19,paddy
5.66,0.62,0.22,0.18,paddy
7.47,0.62,0.24,0.16,paddy
5.4,0.6,0.25,0.17,paddy
5.91,0.63,0.2,0.19,paddy
7.03,0.65,0.25,0.18,paddy
5.75,0.55,0.24,0.19,paddy
6.96,0.64,0.24,0.17,paddy
6.33,0.59,0.23,0.18,paddy
5.17,0.58,0.24,0.2,paddy
5.22,0.56,0.21,0.2,paddy
6.05,0.6,0.22,0.16,paddy
5.09,0.62,0.23,0.17,paddy
6.62,0.61,0.24,0.16,paddy
5.73,0.55,0.24,0.15,paddy
7.2,0.59,0.21,0.18,paddy
7.12,0.61,0.24,0.17,paddy
5.25,0.59,0.25,0.19,paddy
7.03,0.57,0.23,0.2,paddy
5.5,0.57,0.22,0.19,paddy
7.11,0.57,0.23,0.2,paddy
7.41,0.58,0.21,0.19,paddy
6.77,0.56,0.22,0.16,paddy
5.78,0.58,0.23,0.18,paddy
7.24,0.61,0.23,0.18,paddy
7.34,0.62,0.21,0.18,paddy
6.35,0.63,0.24,0.17,paddy
5.03,0.59,0.21,0.18,paddy
5.02,0.6,0.21,0.2,paddy
7.05,0.57,0.22,0.18,paddy
7.34,0.62,0.24,0.17,paddy
7.28,0.61,0.24,0.19,paddy
6.7,0.65,0.21,0.2,paddy
6.56,0.64,0.2,0.16,paddy
6.25,0.64,0.24,0.15,paddy
7.34,0.57,0.24,0.19,paddy
7.33,0.58,0.22,0.17,paddy
5.91,0.57,0.2,0.18,paddy
5.51,0.62,0.24,0.19,paddy
7.46,0.6,0.21,0.17,paddy
6.59,0.62,0.23,0.16,paddy
6.09,0.62,0.22,0.2,paddy
6.02,0.57,0.24,0.16,paddy
6.51,0.6,0.2,0.19,paddy
5.19,0.63,0.22,0.19,paddy
7.44,0.57,0.23,0.19,paddy
6.43,0.55,0.23,0.16,paddy
5.81,0.58,0.24,0.2,paddy
5.18,0.57,0.23,0.16,paddy
6.09,0.56,0.2,0.19,paddy
5.52,0.64,0.24,0.18,paddy
7.06,0.64,0.22,0.18,paddy
7.33,0.57,0.21,0.16,paddy
5.31,0.56,0.21,0.15,paddy
6.67,0.59,0.22,0.18,paddy
6.95,0.64,0.22,0.19,paddy
6.48,0.55,0.23,0.2,paddy
5.48,0.63,0.24,0.19,paddy
6.6,0.57,0.24,0.17,paddy
6.04,0.6,0.22,0.17,paddy
5.1,0.57,0.24,0.16,paddy
7.43,0.62,0.22,0.16,paddy
5.61,0.6,0.2,0.19,paddy
7.4,0.58,0.21,0.16,paddy
5.63,0.63,0.22,0.16,paddy
5.33,0.57,0.22,0.19,paddy
5.79,0.56,0.21,0.2,paddy
5.64,0.6,0.2,0.17,paddy
5.41,0.62,0.22,0.18,paddy
7.41,0.59,0.22,0.18,paddy
6.82,0.6,0.24,0.19,paddy
5.37,0.62,0.21,0.2,paddy
6.78,0.59,0.24,0.17,paddy
5.67,0.64,0.21,0.16,paddy
5.33,0.61,0.21,0.2,paddy
5.28,0.61,0.24,0.19,paddy
5.29,0.62,0.21,0.17,paddy
6.21,0.59,0.22,0.18,paddy
7.38,0.61,0.23,0.19,paddy
5.59,0.6,0.2,0.18,paddy
5.52,0.56,0.24,0.16,paddy
6.95,0.61,0.22,0.16,paddy
6.82,0.65,0.21,0.18,paddy
6.02,0.63,0.23,0.19,paddy
5.82,0.59,0.24,0.19,paddy
5.23,0.57,0.25,0.19,paddy
6.47,0.63,0.21,0.18,paddy
7.29,0.63,0.22,0.2,paddy
5.67,0.59,0.25,0.17,paddy
6.0,0.62,0.23,0.19,paddy
6.2,0.62,0.22,0.19,paddy

